Source,Type of Source,Text,Label,Geographical_Location,Author_Country_Affiliation,
"Chatfield et.al ""Tweeting propaganda, radicalization and recruitment: Islamic state supporters multi-sided twitter networks""",Research Article,"Coalition planes massacred these children in airstrikes
On #Hit ,#Anbar
http://t.co/yCsEgkwDY6#Iraq",Propaganda,Iraq,USA,
"Chatfield et.al ""Tweeting propaganda, radicalization and recruitment: Islamic state supporters multi-sided twitter networks""",Research Article,"these PKK fellas are exceptional liars.after the
city was almost fully abandoned by civilians,
they now claim 55 thousand civilians there.",Propaganda,Iraq,USA,
"Chatfield et.al ""Tweeting propaganda, radicalization and recruitment: Islamic state supporters multi-sided twitter networks""",Research Article,"This is so awesome. US airstrikes also by mistake
hit a Shia militia convoy near Tuz
http://t.co/zUwWcEzBzk 2nd one after the Jabour
Strikes",Propaganda,Iraq,USA,
"Chatfield et.al ""Tweeting propaganda, radicalization and recruitment: Islamic state supporters multi-sided twitter networks""",Research Article,"RT @ImtiyazAzhar: Support &amp; love for #IslamicState from #Kashmir. 
""We rise by ISIS, We live by ISIS, We stand by ISIS"" https://t.co/qwrDJM…",Propaganda,India,USA,
"Chatfield et.al ""Tweeting propaganda, radicalization and recruitment: Islamic state supporters multi-sided twitter networks""",Research Article,"Ask the Americans how they liked fighting
JTJ/AQI/MSC/ISI in street wars in Ramadi,Fallujah etc",Propaganda,USA,USA,
"Chatfield et.al ""Tweeting propaganda, radicalization and recruitment: Islamic state supporters multi-sided twitter networks""",Research Article,"Amazing thing about Kobane:not a single
genuine claim of massacres of civilians. Not
one.Meanwhile, Assad keeps killing kids in
Aleppo",Propaganda,Syria,USA,
"Fraiwan ""Identification of Markers and Artificial Intelligence-Based Classification of Radical Twitter Data""",Research Article,"The assassination of a terrorist, Jehad Maghnyah, by an alleged Israeli strike.",Propaganda,Israel,Jordan,
"Fraiwan ""Identification of Markers and Artificial Intelligence-Based Classification of Radical Twitter Data""",Research Article,Falling oil prices will lead to the downfall of Putin and Alassad.,Propaganda,Russia,Jordan,
"Fraiwan ""Identification of Markers and Artificial Intelligence-Based Classification of Radical Twitter Data""",Research Article,"Our Shaikh is holding fast, praying to Allah to hold our brothers.",Propaganda,Iraq,Jordan,
"Almutairi 2017 ""SOCIAL MEDIA AS A RECRUITMENT TOOL FOR ISIS""",Research Article,"We have brothers from Bangladesh,  Iraq,  Cambodia,  Australia,  UK.,  nothing  has  guided  us  except  to  make Allah’s word the highest",Propaganda,"Bangladesh,  Iraq,  Cambodia,  Australia,  UK",USA,
"Almutairi 2017 ""SOCIAL MEDIA AS A RECRUITMENT TOOL FOR ISIS""",Research Article,We will fight until there is no more fitna,Propaganda,Iraq,USA,
"Almutairi 2017 ""SOCIAL MEDIA AS A RECRUITMENT TOOL FOR ISIS""",Research Article,IS understands no borders,Propaganda,Iraq,USA,
"Neelamar et.al ""A Critical Analysis of the Jihadi Discourse through Online Magazines with Special Reference to ‘Wyeth’ Magazine""",Research Article,"It flows till it reaches or meets its destination and ‘In Shaa Allah’ our struggle will reach
to its destination when it breaks the shackles & barricades of Indian occupation and
Kashmir will get its freedom from the oppression and slavery of Indian blood socked
hands and claws. We will flow till we achieve our mission/objective.",Propaganda,India,India,
"Neelamar et.al ""A Critical Analysis of the Jihadi Discourse through Online Magazines with Special Reference to ‘Wyeth’ Magazine""",Research Article,"First of all, I am happy to see a lot of changes in my home land, our youth is our
capital. Alhamdulillah, Majority of young guys are coming voluntarily to join armed
struggle against terrorist Indian army who are accused of killing 3 lakh innocent
peoples in Kashmir.",Propaganda,India,India,
"Neelamar et.al ""A Critical Analysis of the Jihadi Discourse through Online Magazines with Special Reference to ‘Wyeth’ Magazine""",Research Article,"This Wyeth is just an initiative to expose the Indian claims which it tries to propagate
through media and tries to show to the world and ‘In Shaa Allah’ we will expose the
India and its stooges at every stage possible",Propaganda,India,India,
"Neelamar et.al ""A Critical Analysis of the Jihadi Discourse through Online Magazines with Special Reference to ‘Wyeth’ Magazine""",Research Article,"India has not only occupied our land but also has been trying to occupy our minds by
introducing and propagating anti-Islam and anti-Kashmir things in such a way that
most of the people think good of it but the reality is something else.",Propaganda,India,India,
"Winter ""Media Jihad:The Islamic State’s Doctrine for Information Warfare""",Research Article,"Have you not seen the photographer, how he carries a camera instead of a Kalashnikov and races before the soldiers in raids, welcoming bullets in his chest with open arms?! Have you not seen the brigades that disseminate videos and pamphlets? How they enter into the most dangerous and fortified areas to circulate the mujahidin’s productions in the heart of the hypocrites’ den?! Have you not seen how dedicated the media operative is in gathering intelligence on the enemy’s movements and following the work of the brothers as they monitor the news of the enemy?",Propaganda,Iraq,USA,
"Welch ""Theology, heroism, justice, and fear: an analysis of ISIS propaganda magazines Dabiq and Rumiyah""",Research Article,"On 7 August 2014, the crusader apostate Barack Obama announced to the world thecontinuation of the American crusade against Islam and the Muslims of Iraq, only toprove to his followers that there is no difference between his partisan politics and that ofhis predecessor–Bush. So while genocide is committed by the Maliki, Assadi, and Israeliforces against the Muslims via systematic massacres, chemical warfare, rape, and starvationby siege, Obama watches with euphoria.",Propaganda,"USA, Iraq",USA,
"Kohen et.al ""The Making of a Hero: Cultivating Empathy, Altruism, and Heroic Imagination """,Research Article,"The rulings on those who refrain from making takfir of mushrikin who claim islam and those who refrain from making takfir of Sahwah factions who claim jihad are important matters taht should be addressed , as they are related to matter of tawhid and iman, the heart and soul of the religion. Thus one of the chief offices of the Khilafah -the Central Office Overseeing Shar’i Dawawin addressed the issues in two memorandums, which will be quoted below.",Propaganda,-,USA,
https://www.counterextremism.com/extremists/abdulrahman-tn-aka-tawheednetwrk,Website,I am #Muslim therefore I am against #Secularism,Propaganda,-,USA,
https://www.counterextremism.com/extremists/abdulrahman-tn-aka-tawheednetwrk,Website,I am #Muslim therefore I am against #Democracy,Propaganda,-,USA,
https://www.counterextremism.com/extremists/abdulrahman-tn-aka-tawheednetwrk,Website,#America as nation only represent terror,Propaganda,USA,USA,
https://www.counterextremism.com/extremists/abdulrahman-tn-aka-tawheednetwrk,Website,The blood of our martyrs is dear to us anything else in this dunya.,Propaganda,Iraq,USA,
https://www.counterextremism.com/extremists/epic,Website,Takbir guys. Please pray for more casualties of those who insult the prophet SAW,Propaganda,-,USA,
https://www.counterextremism.com/extremists/epic,Website,Kill them all. Don’t leave a single soul,Propaganda,-,USA,
https://www.counterextremism.com/extremists/epic,Website,Srebrencia massacre. Revenge will come when IS reaches Bosnia. Biiznillah ta'ala,Propaganda,Bosnia,USA,
https://www.counterextremism.com/extremists/epic,Website,Happiness is coming to home  and finding your wife listening to Imam Anwar Al Awlaki.,Propaganda,-,USA,
https://www.counterextremism.com/extremists/epic,Website, The same song will repeat. IS  will bring slaughter on kuffar.,Propaganda,-,USA,
https://www.counterextremism.com/extremists/epic,Website,Kashmiris should kill the cow worshipers. No need to protest.,Propaganda,-,USA,
https://www.counterextremism.com/extremists/epic,Website,"Allah ordered you to fight, not to have peaceful protests.",Propaganda,-,USA,
https://www.counterextremism.com/extremists/abu-suleymaan-aka-wilayatninawa,Website,Martyrdom operation in #Saudi building for security forces kill 13,Propaganda,Saudi Arabia,USA,
https://www.counterextremism.com/extremists/sally-jones,Website,"Im proud my husband was killed by the biggest enemy of Allah, may Allah be pleased with him and I will never ever love anyone but him <3",Propaganda,-,USA,
https://www.counterextremism.com/extremists/sally-jones,Website,2nd kill list released on 9-11 of 100 US Military - please retweet,Propaganda,USA,USA,
https://www.counterextremism.com/content/isis-recruiters-propagandists-and-inciters-violence-operating-twitter,Website,IS using mustard gas against enemies. Allahu Akbar,Propaganda,-,USA,
https://www.counterextremism.com/content/isis-recruiters-propagandists-and-inciters-violence-operating-twitter,Website,"Fight the kuffar, until they pay jizjah & law of Allah rules on the land Fight Them. By permission of Allah, we will be successful ",Propaganda,-,USA,
https://www.counterextremism.com/extremists/abu-mutassim-aka-abumutassim03,Website,soon Al Aqsa will be liberated from descendants of pigs and apes. The end to head shaking in the Holy Mosque,Propaganda,-,USA,
https://www.counterextremism.com/extremists/ali-al-foutawi-aka-alifoutawiiv,Website,The khilaafa needs supporters who act and not supporters who merely speak,Propaganda,-,USA,
https://www.counterextremism.com/extremists/abdul-baset-egwilla,Website,"Allah they have gathered against us and are scheming against us, so scheme against them. Trick them, kill them.",Propaganda,-,USA,
https://www.counterextremism.com/extremists/abdul-baset-egwilla,Website, We are waiting for martyrdom in the name of Allah. And by Allah this is our path until we push back evil. We will not stop nor resign.,Propaganda,-,USA,
https://www.counterextremism.com/extremists/abdul-baset-egwilla,Website,"Jihad today is simple and easily accessible, and does not require moving as in the past, as it was for Afghanistan and Iraq",Propaganda,"Afghanistan,Iraq",USA,
https://www.counterextremism.com/extremists/abdul-alim-musa,Website,"We have to have serious unity. The Muslims have to focus on affecting the direction of change. They are frightening the Muslims and the Muslims are too afraid to speak out for themselves. Those of us who speak out become an automatic target. But we have to speak out all together [sic] and we have to challenge our oppression. If we don’t challenge our oppression, then they’ll keep on doing it. We want to thank all the people of the Islamic Republic for supporting us here in America, and we thank you Press TV",Propaganda,USA,USA,
https://www.counterextremism.com/extremists/abdul-alim-musa,Website,"We view Islamophobia from the position of what we call the ‘Triangle of Terror.’ The Triangle of Terror in the world today relates to, number one, the United States’ government. When the triangle wants to invade our countries, like Iraq or Afghanistan, in a military way, it’s done by the United States of America.",Propaganda,"Afghanistan,Iraq,USA",USA,
https://www.counterextremism.com/extremists/abdul-alim-musa,Website,"Number two is the Zionist state of Israel and its media outlets all over the world; that is ‘image management,’ that is ‘perception management.’ It is the Zionists giving a picture of Islam and Muslims that justifies the invasion by the United States of Muslim peoples.",Propaganda,"Israel,USA",USA,
https://www.counterextremism.com/extremists/abdul-alim-musa,Website,"And number three is Saudi Arabia. Saudi Arabia is the inter-fitna initiator amongst the Muslims. Whether we have bombings and killings of Shia centers in Iraq; whether we have the support of murderous, barbarous Takfiri forces in Syria fighting against the government; where there is bombings in Pakistan; where there is websites; where there is Saudi Arabian support of the regime in Bahrain.",Propaganda,Saudi Arabia,USA,
https://www.counterextremism.com/extremists/abdul-alim-musa,Website,The whole Western world is out against Islam.,Propaganda,-,USA,
https://www.counterextremism.com/extremists/abdul-alim-musa,Website,"If you go back for the last 20 years, from the first World Trade Center bombing in ‘93... This is our view, from those who... We said it then, and we say it now, and this is the belief in the Muslim world: 90% of the bombing plots- or this plot or that plot- we believe is done by and with the help and the aid of Mossad, and the United States government. This is our experience.",Propaganda,USA,USA,
https://www.counterextremism.com/extremists/abdul-alim-musa,Website,"We have ‘CIA Patterns of Deception,’ ‘Zionist Control of Media,’ ‘Babylon the Great’- these are years old- ‘Bush the Unifier’… Our belief has always been, since 1993, and we’ve done TV programs on it- that the United States government... Who do you talk about? You talk about Al-Qaeda. Where did Al-Qaeda come from? Al-Qaeda, Bin Laden, and all that- those are US friends.",Propaganda,USA,USA,
https://www.counterextremism.com/extremists/abdul-alim-musa,Website,"Who ran the slave trade…who funded [it]? You'll study and you will find out: the Jews…It was the Jewish bankers…in Vienna, with pockets full of money, funding and insuring, that’s who did it…you can't tell us about no holocaust. Between the African Americans and the Native Americans, everybody else’s stuff was small potatoes",Propaganda,USA,USA,
https://www.counterextremism.com/extremists/abdul-alim-musa,Website,Hezbollah is a great movement and a great organization,Propaganda,-,USA,
https://www.counterextremism.com/extremists/abdul-alim-musa,Website,"Hamas just means enthusiasm. I know Hamas. They are nice people, very nice people.",Propaganda,-,USA,
https://www.counterextremism.com/extremists/abdul-alim-musa,Website,"The American ship is going down. And it’s clowns like that that’s driving it down. We don’t have to do nothing. Just step back, pray, fast, do good deeds, and stuff like that. And let that guy go…When he finishes, nobody will love, nobody will trust, and nobody will believe anything coming from the United States of America.",Propaganda,USA,USA,
https://www.counterextremism.com/extremists/abdul-alim-musa,Website,"When 9/11 happened, the only people who understood it really was Black people. They know that when you have an election-stealing president that has no credibility, he needs something to make him presidential. If you remember before 9/11, the big conference they held in Durban, South Africa, Black people was [sic] attuned to Zionism is racism- we know that as a people. Amerikkka (original spelling) needed something to take them off of the most-hated list, but it never worked.",Propaganda,"USA, South Africa",USA,
https://www.counterextremism.com/extremists/abdul-alim-musa,Website,"We got to get rid of this new Hitler…Just like Hitler burned the Reichstag…to gain full power over the people…George Bush brings down the World Trade Center, blames it on us [Muslims] and then claims himself dictator over the world. So we're here to say it's all over for George.",Propaganda,-,USA,
https://www.counterextremism.com/extremists/abdul-alim-musa,Website,the united forces of kufr [non-believers]…the criminal constitutional dictatorship of the USA.,Propaganda,USA,USA,
https://www.counterextremism.com/extremists/abdul-alim-musa,Website,"If you don't stay out of our way and leave us alone, we're going to burn America down.",Propaganda,USA,USA,
https://www.counterextremism.com/extremists/abdul-alim-musa,Website,Islam went everywhere in the [ancient] world…so why can't Islam take over America…We are on the right road.,Propaganda,USA,USA,
https://www.counterextremism.com/extremists/abdul-alim-musa,Website,Yahuds [Jews] are the enemies of humanity.,Propaganda,-,USA,
https://www.counterextremism.com/extremists/abdullah-al-faisal,Website,"An earthquake in Malaysia ! The Malays need to do some soul searching and give up Sufism bcs its Kufr, Shirk and Zandaqa",Propaganda,Malaysia,USA,
https://www.counterextremism.com/extremists/abdullah-al-faisal,Website,Palestians like Abu Qatada shud be the 1st to give Bay'ah [pledge of allegiance] to the dawla [ISIS] bcs they desperately need dawla to liberate them from Jewish tyranny.,Propaganda,-,USA,
https://www.counterextremism.com/extremists/abdullah-al-faisal,Website,O mankind !  Didn't i predict Allah would destroy Texas because they held a meeting to use cartoons to insult Muhammad (saw) ????,Propaganda,-,USA,
https://www.counterextremism.com/extremists/abdullah-al-faisal,Website,The people of Palestine shud dump Hamas and give their Bayah [pledge of allegiance] to Dawla [ISIS] bcs Hamas are misguided Democrats who dont know anything about Islam.,Propaganda,Palestine,USA,
https://www.counterextremism.com/extremists/abdullah-al-faisal,Website,If the white man is worried about the survival of his race why is he promoting gay marriages in his society??!!,Propaganda,-,USA,
https://www.counterextremism.com/extremists/abdullah-al-faisal,Website,Hurricane katrina was Allah's revenge for the infidels invading iraq with a big lie about weapons of mass destruction.,Propaganda,Iraq,USA,
https://www.counterextremism.com/extremists/abdullah-al-faisal,Website,Any Mujahid [religious fighter] who doesn’t give his bayah (allegiance) to Dawla (ISIS) is a fake Jihadi and his death will b in vain. So please b warned.,Propaganda,-,USA,
https://www.counterextremism.com/extremists/abdullah-al-faisal,Website,"Why should Jews commit genocide and then play the race card to defend themselves. To me, Hitler was right.",Propaganda,-,USA,
https://www.counterextremism.com/extremists/abdullah-al-faisal,Website,"Who are those that reject the Dawla (ISIS)?…The people that claim that the sharia is not important, don’t think about the sharia, think about themselves.",Propaganda,-,USA,
https://www.counterextremism.com/extremists/abdullah-al-faisal,Website,"When you see that the Dawla cut off the heads of Shi’as you will think that’s extreme, these people are crazy…first of all, the classical scholars did not consider Shi’as as Muslims…you don’t know what the Shi’as believe and you don’t know why the Dawla is so harsh against the Shi’as.",Propaganda,-,USA,
https://www.counterextremism.com/extremists/abdullah-al-faisal,Website,"Did you know that they say Abu Bakr al Baghdadi is a Jew? When they accuse Abu bakr al Baghdadi of being a Jew, what are they? They are noth­ing but the bark­ing dogs of jahhanam (hell).",Propaganda,-,USA,
https://www.counterextremism.com/extremists/abdullah-al-faisal,Website,"Instead of embracing the Islamic State, supporting the Islamic State and doing everything humanly possible for the success of the state … all they do is slander the mujahideen.",Propaganda,-,USA,
https://www.counterextremism.com/extremists/abdullah-al-faisal,Website,The Islamicstate has no borders because we are meant to be mujahideen sans frontiers ISIS,Propaganda,-,USA,
https://www.counterextremism.com/extremists/abdullah-al-faisal,Website,The way forward is the bullet. Our motto is ‘might is right.,Propaganda,-,USA,
https://www.counterextremism.com/extremists/abdullah-al-faisal,Website,You are only allowed to use nuclear weapons in that country [India] which is 100% unbelievers.,Propaganda,-,USA,
https://www.counterextremism.com/extremists/abdullah-al-faisal,Website,We believe in the bullet not the ballot.,Propaganda,-,USA,
https://www.counterextremism.com/extremists/abdullah-al-faisal,Website,"How do you fight a Jew? You kill a Jew. In the case of Hindus, by bombing their businesses.",Propaganda,-,USA,
https://www.counterextremism.com/extremists/abu-adam-al-muhajir,Website,Quran in my right hand and Kalashnikov in my left as I walk to my lord.Kik-IronMuhajir,Propaganda,-,USA,
https://www.counterextremism.com/extremists/abu-adam-al-muhajir,Website,Beautiful to see how these kids love seeing Mujahideen and how they copy the way the Mujahideen dress and walk,Propaganda,-,USA,
https://www.counterextremism.com/extremists/abu-adam-al-muhajir,Website,There is no better feeling than when the call comes for jihad The Iman jumps to its peak the body rushes to battlefield and shahada,Propaganda,-,USA,
https://www.counterextremism.com/extremists/abu-adam-al-muhajir,Website,What brings you into reality of life in jihad when you see the brothers who you ate with trained with prayed with pass away.,Propaganda,-,USA,
https://www.counterextremism.com/extremists/abu-adam-al-muhajir,Website,Walking in the lands of Khilafa and you meet brothers who see you smile and hug as though they have kown you for years #alwalawalbara,Propaganda,-,USA,
https://www.counterextremism.com/extremists/abu-adam-al-muhajir,Website,Would hear about the things Dawla does for its fighters but when I came here and saw I began to appreciate the generosity of the state then,Propaganda,-,USA,
https://www.counterextremism.com/extremists/abu-adam-al-muhajir,Website,Alhamdulilah the Allah brought us from lands of kufr to land the land of the Khilafa. Wallah it’s a dream come true ,Propaganda,-,USA,
https://www.counterextremism.com/extremists/abu-adam-al-muhajir,Website,The brother shouted for the password and the murtad looked left and got shocked. He couldn't answer.&nbsp; We took him out then checked him,Propaganda,-,USA,
https://www.counterextremism.com/extremists/abu-adam-al-muhajir,Website,"We came here with nothing and Dawla sheltered us, fed us, clothed us, trained us, protected us and taught us with Allah's mercy",Propaganda,-,USA,
https://www.counterextremism.com/extremists/abu-adam-al-muhajir,Website,"When we capture sahawat, nusayri, pkk, etc. soldiers, they don't even dare to pick their head up to look at us although",Propaganda,-,USA,
https://www.counterextremism.com/extremists/abu-adam-al-muhajir,Website,[W]henever I go into a army shop wallah I run around smiling and don't want to leave. I just feel like buying everything especially pistols,Propaganda,-,USA,
https://www.counterextremism.com/extremists/abu-adam-al-muhajir,Website,[S]earching for his freedom? How can you beat the one that sees his life in his death? Strange how these kuffar fight a losing war,Propaganda,-,USA,
https://www.counterextremism.com/extremists/abu-adam-al-muhajir,Website,They feel secure without weapons. How strange. Here even our women and children carry knives and guns. What better security is there?,Propaganda,-,USA,
https://www.counterextremism.com/extremists/abu-adam-al-muhajir,Website,When I first came to the Khilafa I lived 4 months or so without spending a dime walhamdulilah. Goes to show the generosity of this dawla,Propaganda,-,USA,
https://www.counterextremism.com/extremists/abu-esaa-aka-abuesaa03,Website,"As The Soldiers Of Allah inch towards Damascus, the kufar intensify the effort to try to wipe them out. KNOW that Allah has promised victory",Propaganda,-,USA,
https://www.counterextremism.com/extremists/abu-esaa-aka-abuesaa03,Website,By Allah we will conquer the White House !,Propaganda,-,USA,
https://www.counterextremism.com/extremists/abu-esaa-aka-abuesaa03,Website,The ‘gay Muslim’ idea is just another kafir tactic They are not men to fight face to face they use their dirty tactics. Oh Allah destiny them,Propaganda,-,USA,
https://www.counterextremism.com/extremists/abu-esaa-aka-abuesaa03,Website,We will cast terror into the hearts of thse who disbelieve for wht they have associated with Allah of which He had not sent down authority.,Propaganda,-,USA,
https://www.counterextremism.com/extremists/abu-esaa-aka-abuesaa03,Website,The wheat has grown 40 spikes instead of 7 why? Because the shariah has been implemented on the land’ Allah hu Akbar,Propaganda,-,USA,
https://www.counterextremism.com/extremists/abu-izzadeen,Website,"Once your islam is confirmed you can be bombed based on suspicion, the burden of proof is upon the defendant and your murder is self defense",Propaganda,-,USA,
https://www.counterextremism.com/extremists/abu-izzadeen,Website,The reason the UK media is silent is because this government condones torture and murder of sunni Muslims by thier allies on the ground,Propaganda,UK,USA,
https://www.counterextremism.com/extremists/abu-izzadeen,Website,Censorship on reporting Islamicstate victories leaves english lang media having 2makeup ever more unbelievable tales,Propaganda,-,USA,
https://www.counterextremism.com/extremists/abu-izzadeen,Website,That’s 40 soldiers to 1 we don’t exaggerate any Islamic state victories the figures simply speak for themselves,Propaganda,-,USA,
https://www.counterextremism.com/extremists/abu-izzadeen,Website,#texasattack the USA is a crusader nation at war with the believers they worship the cross we worship the one who created the prophet Jesus,Propaganda,USA,USA,
https://www.counterextremism.com/extremists/abu-izzadeen,Website,"It is a direct policy of war by the crusaders to murder Muslims regardless of age, race or gender  #SarrinMassacre",Propaganda,-,USA,
https://www.counterextremism.com/extremists/abu-izzadeen,Website,"USCrusaders bomb Aleppo murdering ,17 members of 1 family! But wallahi it only increases our Emaan and conviction",Propaganda,USA,USA,
https://www.counterextremism.com/extremists/abu-izzadeen,Website,"#SarrinMassacre noble peace prize winner Obama and thugs murder AhlSunnah children, premeditated murder of the young",Propaganda,-,USA,
https://www.counterextremism.com/extremists/abu-izzadeen,Website,only true leader of the Muslims is Osama bin Laden.,Propaganda,-,USA,
https://www.counterextremism.com/extremists/abu-jandal-aka-protocolkhilafa,Website,Islamic State have water conservation projects in wilayatul khair… #islamicwelfarestate,Propaganda,-,USA,
https://www.counterextremism.com/extremists/abu-jandal-aka-protocolkhilafa,Website,Greece under IS –Debts wiped clean –Money in the banks will be returned to the people & only pay jizya 2% -No more suffering Give Bayah now,Propaganda,Greece,USA,
https://www.counterextremism.com/extremists/abu-jandal-aka-protocolkhilafa,Website,Slowly but surely the hadith is being fulfilled. 70 countries against the IS heading towards final conflict @ Daqbiq.,Propaganda,-,USA,
https://www.counterextremism.com/extremists/abu-jandal-aka-protocolkhilafa,Website,Only the 4th day of Ramadhan &amp; Allah has granted IS a huge victory with Wilayah Qawqaz. Alhamdulilah we still have 26 days. Lots of duas pls”<,Propaganda,-,USA,
https://www.counterextremism.com/extremists/abu-jandal-aka-protocolkhilafa,Website,#IslamicState looks after &amp; cares for the health of its residents!,Propaganda,-,USA,
https://www.counterextremism.com/extremists/zabiullah-mujahid,Website,After 17 years of struggle we are winning the actual war and the digital war against infidels and the puppet regime established by the Americans to govern Afghanistan.,Propaganda,USA,USA,
https://www.counterextremism.com/extremists/zabiullah-mujahid,Website,"If the invaders [NATO military forces] intend to prolong the invasion for a hundred years, we have the intention and courage to combat them even for that protracted period.",Propaganda,USA,USA,
https://www.counterextremism.com/extremists/zabiullah-mujahid,Website,Targeting of some key figures was also an important part of the current operations.,Propaganda,-,USA,
https://www.counterextremism.com/extremists/zabiullah-mujahid,Website,This year we have made the enemy realize by our strong and dreadful attacks that none of their sheltered barracks and protective measures can save them from our fatal strikes.,Propaganda,-,USA,
https://www.counterextremism.com/extremists/abu-jandal-aka-protocolkhilafa,Website,@Haliisheikh Allah decended his lions on the filthy french magazines who Insulted our Prophet peace be upon him! Alhamdulilah!,Propaganda,-,USA,
https://www.counterextremism.com/extremists/khalid-batarfi,Website,"Groups of Afghan Mujahideen have emerged from the land of Afghans that will destroy the biggest idol and head of kufr of our time, America.",Propaganda,USA,USA,
https://www.counterextremism.com/extremists/khalid-batarfi,Website,"The Muslims inside the occupied land must kill every Jew, by running him over, or stabbing him, or by using against him any weapon, or by burning their homes.",Propaganda,-,USA,
https://www.counterextremism.com/extremists/khalid-batarfi,Website,Let them [Muslims] rise and attack the Jews and the Americans everywhere … No Muslim has the right to cede Jerusalem no matter what happens … Only a traitor would give it up or hand it over.,Propaganda,USA,USA,
https://www.counterextremism.com/extremists/khalid-batarfi,Website,"Calls on all Islamic scholars, preachers, and students of theology and all factions of Islamist groups to “incite and encourage the jihad and dismiss nationalist patriotic sentiment…We advise all of those who flattered the tyrants and justified their crime to fear God and regret their actions. The tyrants don’t believe in the channels of communications",Propaganda,-,USA,
https://www.counterextremism.com/extremists/khalid-batarfi,Website,[ Al-Qaeda will] target your economy … attack your interests and destroy them.,Propaganda,-,USA,
https://www.counterextremism.com/extremists/khalid-batarfi,Website,"And as you put limits to freedom of expression and punish whomever goes against them, it is upon us to punish whoever transgresses out boundaries and sanctities",Propaganda,-,USA,
https://www.counterextremism.com/extremists/mohammed-shamsuddin,Website,"My dear Muslim brothers, there’s a war taking place… the sharia [Islamic canonical law] is coming to the UK. This black flag you see here, one day, is going to be on 10 Downing Street.",Propaganda,UK,USA,
https://www.counterextremism.com/extremists/bachrumsyah-mennor-usman,Website,"Let’s do our utmost, either physically or financially, to migrate to this Islamic state.",Recruitment,-,USA,
https://www.counterextremism.com/extremists/kim-anh-vo,Website,"We have a message to the people of the US and most importantly, your President Trump: know that we continue to wage war against you, know that your counter-attacks only makes us stronger. We will release a list with over 8,000 names, addresses and email addresses…Kill them wherever you find them.",Recruitment,-,USA,
https://www.counterextremism.com/extremists/abu-jandal-aka-protocolkhilafa,Website,Asapaamualaikum brothers &amp; sisters got susepended. Please follow back inshaAllah jazakAllah khair. May Allah bless you all..,Recruitment,-,USA,
https://www.counterextremism.com/extremists/abu-izzadeen,Website,"He [the Prophet Mohammed] said Allah will never put together the kuffar and the one who kill him inside the jahannam [hell]. So my dear Muslim brothers to kill a kaffar for the sake of Allah in jihad, be a way to the jannah [heaven] inshallah [god willing].",Recruitment,-,USA,
https://www.counterextremism.com/extremists/abu-izzadeen,Website,If your united behind one man and someone comes to disunited you kill him Saheeh Muslims,Recruitment,-,USA,
https://www.counterextremism.com/extremists/abu-izzadeen,Website,Twitter isn't a game your tweets must be directed to supporting Islam and championing our causes otherwise dont tweet,Recruitment,-,USA,
https://www.counterextremism.com/extremists/abu-hamza-al-masri,Website,"Don't go to the man who is selling a wine shop and tell him please why you selling the wine shop, come to the mosque? Make sure that the man who gave him the license for that wine shop does not exist anymore on the Earth. Finish him up.",Recruitment,-,USA,
https://www.counterextremism.com/extremists/abu-hamza-al-masri,Website,We do not hate Jews because they hurt each other - we hate them for their corruption on earth. A Jew cannot look a Muslim in the eye or pass him knowing they have oppressed a Muslim or some other Jew had oppressed a Muslim elsewhere. So [the] nation of Mohammed must regain their dignity and this dignity would not be regained unless with blood.,Recruitment,-,USA,
https://www.counterextremism.com/extremists/abu-hamza-al-masri,Website,"Killing a Kafir who is fighting you is OK. Killing a Kafir for any reason, you can say it, it is OK - even if there is no reason for it.",Recruitment,-,USA,
https://www.counterextremism.com/extremists/abu-hamza-al-masri,Website,"It is not called suicide... this is called martyring, because if the only way to hurt the enemies of Islam except by taking your life for that then it is allowed.",Recruitment,-,USA,
https://www.counterextremism.com/extremists/abu-hamza-al-masri,Website,"You must know the cause of Allah and you must help that cause in fighting, by fighting and when you fight you kill, you don't fight just to negotiate or to show off or to make videos or to make audios, fight to kill not fight to tape.",Recruitment,-,USA,
https://www.counterextremism.com/extremists/abu-adam-al-muhajir,Website,And it humbles you. Being out in jihad took me to more places than I ever did before hijra. Free tourism for the sake of Allah…,Recruitment,-,USA,
https://www.counterextremism.com/extremists/abdullah-al-faisal,Website,"You have to learn to fly planes, drive tanks and you have to learn how to load your guns and to use missiles.",Recruitment,-,USA,
https://www.counterextremism.com/extremists/abdullah-al-faisal,Website,"Our females make us proud by join­ing IS (The Islamic State, or ISIS).",Recruitment,-,USA,
https://www.counterextremism.com/extremists/abdullah-al-faisal,Website,"There is no doubt that he (Bagdadhi) [sic] is the legitimate caliph and it is incumbent upon you to give your be’ah (allegiance)… So take up arms, take up arms, O soldiers of the Islamic State! And fight, fight!",Recruitment,-,USA,
https://www.counterextremism.com/extremists/ali-al-foutawi-aka-alifoutawiiv,Website,Everyone who is capable of making hijrah must come to libya to support the khilafa .. Hijrah is indeed fard upon you.,Recruitment,Libya,USA,
https://www.counterextremism.com/extremists/ali-al-foutawi-aka-alifoutawiiv,Website,No matter how the kufaar detest the fact that there shall be an attack on their disbelieving citizens soon. ITS GONNA HAPPEN YAA KUFAAR!,Recruitment,-,USA,
https://www.counterextremism.com/extremists/abu-bakr-al-iraqi-aka-milk-sheikh,Website,"the Positive consequences of #brusselsattack is that Belgium will carry out mass arrests, which will lead to further recruitment for IS",Recruitment,Belgium,USA,
https://www.counterextremism.com/content/isis-recruiters-propagandists-and-inciters-violence-operating-twitter,Website,I can not be bothered by hidden messages anymore! So please message me if you want to kill kuffar #IS,Recruitment,-,USA,
https://www.counterextremism.com/content/isis-recruiters-propagandists-and-inciters-violence-operating-twitter,Website,We're waiting in Raqqah to behead the PKK. We can smell their blood already. #IS,Recruitment,-,USA,
https://www.counterextremism.com/extremists/neil-prakash,Website,May Allah reward the one who spreads this account #IS,Recruitment,-,USA,
https://www.counterextremism.com/extremists/neil-prakash,Website,For  help with Hijrah you can come to me or any of my beloved brothers,Recruitment,-,USA,
https://www.counterextremism.com/extremists/abu-samir-almaghrebi-aka-zoutedrop3434,Website,If people just know what Allah says in the Qur'an about people staying behind and not going forth in his cause. They are the losers.,Propaganda,-,USA,
https://www.counterextremism.com/extremists/abu-samir-almaghrebi-aka-zoutedrop3434,Website,if someboy knows a trusted brother in the blessed land. Please contact me DM. I need some help.,Recruitment,-,USA,
https://www.counterextremism.com/extremists/epic,Website,IS needs few hundred fighters to establish territory in France,Recruitment,France,USA,
https://www.counterextremism.com/extremists/ali-al-foutawi-aka-alifoutawiiv,Website,whoever can giv me a ShoutOut should please do so cos you'll be helpin raise awareness about hijrah to IS Libya. Your reward is with Allah.,Recruitment,Libya,USA,
https://www.counterextremism.com/extremists/ali-al-foutawi-aka-alifoutawiiv,Website,Yes! I am a Terrorist! Kill Kill Kill infidel ,Recruitment,-,USA,
"Chatfield et.al ""Tweeting propaganda, radicalization and recruitment: Islamic state supporters multi-sided twitter networks""",Research Article,"This is the time for Muslim Kurds in Turkey to
show whether they can ever counter PKK.",Recruitment,Turkey,USA,
"Chatfield et.al ""Tweeting propaganda, radicalization and recruitment: Islamic state supporters multi-sided twitter networks""",Research Article,"@EbuRuana so if it is not right to make dua [the
Islamic act of calling out to Allah] for a kafir [a
disbeliever, someone who rejects Allah and who
does not believe in Muhammad as the final
messenger of Allah], what is the right thing to do
?",Recruitment,-,USA,
"Chatfield et.al ""Tweeting propaganda, radicalization and recruitment: Islamic state supporters multi-sided twitter networks""",Research Article,"@banihillal blend in like you are the most anti-
jihadist guy one can think of. @isinlibya
@ummussamah11",Recruitment,Libya,USA,
"Chatfield et.al ""Tweeting propaganda, radicalization and recruitment: Islamic state supporters multi-sided twitter networks""",Research Article,"@DaniyalYasin93 The question is to you:can
you,as a Muslim,counter-argue any of the points
made in that segment quoted from Dabiq
Magazine?",Recruitment,-,USA,
"Leah Windsor ""The Language of Radicalization: Female Internet Recruitment to Participation in ISIS Activities""",Research Article,"If you need to contact me then follow me on Twitter
(@_UmmLayth) or Kik me (_axa)",Recruitment,-,USA,
"Leah Windsor ""The Language of Radicalization: Female Internet Recruitment to Participation in ISIS Activities""",Research Article,"And I am in no way demeaning those who havent yet
embarked upon this journey and most importantly I am not
at all deterring sisters from choosing this path—I just want to
paint a realistic picture of what is in store for the sisters here.",Recruitment,-,USA,
"Almutairi 2017 ""SOCIAL MEDIA AS A RECRUITMENT TOOL FOR ISIS""",Research Article," Allahu Akbar, 5 Jews were sentto hell by two brave Muslims. Allahu Akbar, if only every   Muslim   could   kill   1   Jew,   everything   would   change",Recruitment,-,USA,
"Almutairi 2017 ""SOCIAL MEDIA AS A RECRUITMENT TOOL FOR ISIS""",Research Article,We  are  your  brothers  from  Indonesia  who  have  come  to  the  Islamic State. We emigrated for the sake of hijrah and jihad following in the path of Allah.,Recruitment,Indonesia,USA,
"Almutairi 2017 ""SOCIAL MEDIA AS A RECRUITMENT TOOL FOR ISIS""",Research Article,"We need the engineers, the doctors, the professionals, we need volunteers and fundraising, we need everything and there is a role for everybody. Every person can contribute something to the Islamic State. If you cannot fight, you can give money, and if you cannot give money, you can assist in technology, if you cannot assist in technology, you can use some other skills, you can even come here and help rebuild . . . There is a role for everyone here in Syria.” ",Recruitment,-,USA,
"Almutairi 2017 ""SOCIAL MEDIA AS A RECRUITMENT TOOL FOR ISIS""",Research Article,Look  at  the Muslims  they  killed. Look  at  the  child.  They  killed  his  father.,Recruitment,-,USA,
"Neelamar et.al ""A Critical Analysis of the Jihadi Discourse through Online Magazines with Special Reference to ‘Wyeth’ Magazine""",Research Article,"And why should ye not fight in the cause of Allah and of those who, being weak, are ill-
treated (and oppressed)? Men, women, and children, whose cry is: ‘Our Lord! Rescue
us from this town, whose people are oppressors; and raise for us from thee one who will
protect; and raise for us from thee one who will help!",Recruitment,-,USA,
"Neelamar et.al ""A Critical Analysis of the Jihadi Discourse through Online Magazines with Special Reference to ‘Wyeth’ Magazine""",Research Article,"They will fight and fight till sacred goal is achieved. I salute the people of J&K for
their determination, dedication and conviction.",Recruitment,-,USA,
"Alexander Meleagrou-Hitchens ""https://icsr.info/wp-content/uploads/2012/11/ICSR-Report-Lights-Camera-Jihad-al-Shabaab%E2%80%99s-Western-Media-Strategy.pdf""",Report,"I am doing this martyrdom operation for the sake of Allah. I advise you to migrate to Somalia and wage war against your enemies. Death in honor is better than life in humiliation…To the Somalis living abroad, are you happy in your comfort while your religion, your people are being attacked and humiliated?",Recruitment,Somalia,USA,
"Lakomy et.al ""Recruitment and Incitement to Violence in the Islamic State’s Online Propaganda: Comparative Analysis of Dabiq and Rumiyah""",Research Article,"Therefore, rush O Muslims to your state. Yes, it is your state. Rush, because Syria isnot for the Syrians, and Iraq is not for the Iraqis. [...] The state is a state for all Muslims. [...] O Muslims everywhere, whoever is capable of performing hijrah  to the Islamic State, then let him do so, because hijrah to the land of Islam is obligatory",Recruitment,Syria,USA,
"Lakomy et.al ""Recruitment and Incitement to Violence in the Islamic State’s Online Propaganda: Comparative Analysis of Dabiq and Rumiyah""",Research Article,"So if the schemesof the tawaghit have prevented you from performing hijrah to Iraq and Sham, thenknow that the doors of hijrah will remain open until the Hour is established. So who-ever is unable to perform hijrah to Iraq and Sham, then he should perform hijrah toLibya, Khurasan, Yemen, Sinai, West Africa, or any of the other wilayat and outposts ofthe Khilafah in the East and the West",Recruitment,"Iraq, Libya, Yemen",USA,
"Lakomy et.al ""Recruitment and Incitement to Violence in the Islamic State’s Online Propaganda: Comparative Analysis of Dabiq and Rumiyah""",Research Article,This obligation is nowclearer than ever before for all Muslims to raise their voices and pledge allegiance toImamul-Muslimin  and  Amirul-Mu’minin—the  Khalifah—Abu  Bakr  al-Husayni  al-Baghdadi,Recruitment,-,USA,
Hasan,Research Article,"I encourage all my brothers who are still in France and in
the West to defend religion (...) you are sitting on your sofas while
other Muslims are being massacred, what will be your excuse
before Allah?",Recruitment,France,USA,
"Winter ""Media Jihad:The Islamic State’s Doctrine for Information Warfare""",Research Article,"Inciting others to join the jihad is tantamount to engaging in the jihad oneself, as is steering others towards it and opening their eyes to it. The one who incites is a mujahid in the way of Allah the Almighty",Recruitment,-,USA,
"Kohen et.al ""The Making of a Hero: Cultivating Empathy, Altruism, and Heroic Imagination """,Research Article,Hijrah,Recruitment,-,USA,
"Chatfield et.al ""Tweeting propaganda, radicalization and recruitment: Islamic state supporters multi-sided twitter networks""",Research Article,"@Himalaya888 you do realize IS wants to
destroy every single nation-state,Arab or Kurd or
communist doesnt matter, that they come across?",Radicalization,-,USA,
"Chatfield et.al ""Tweeting propaganda, radicalization and recruitment: Islamic state supporters multi-sided twitter networks""",Research Article,"Real warriors, I mean those who are not fags,
dont need air support.",Radicalization,-,USA,
"Chatfield et.al ""Tweeting propaganda, radicalization and recruitment: Islamic state supporters multi-sided twitter networks""",Research Article,"#IS blows up police station in downtown Kobane
where YPG were holed up. #Syria",Radicalization,-,USA,
"Chatfield et.al ""Tweeting propaganda, radicalization and recruitment: Islamic state supporters multi-sided twitter networks""",Research Article,"Notice this recent uptick of IS activity in Qara
Teppe?
multiple VBIEDs hitting PUK
,Pesh,Asayesh ?Guess where else that happened",Radicalization,-,USA,
https://www.counterextremism.com/content/isis-recruiters-propagandists-and-inciters-violence-operating-twitter,Website,Lets hope Islamic State creates new Wilayat faster then I run out of accounts.:),Radicalization,-,USA,
https://www.counterextremism.com/extremists/neil-prakash,Website,May Allah aid the brothers in France,Radicalization,France,USA,
https://www.counterextremism.com/extremists/abu-samir-almaghrebi-aka-zoutedrop3434,Website,Nowadays if you give Da wah in public. The Justice Department of Kuffar will say that you are doing hate speech. Result: Prison Time,Radicalization,-,USA,
https://www.counterextremism.com/extremists/abu-bakr-al-iraqi-aka-milk-sheikh,Website,Munafiqeen,Radicalization,-,USA,
https://www.counterextremism.com/extremists/abdulrahman-tn-aka-tawheednetwrk,Website,The Shia animals rapes Sunni women because they were named Aisha and Hafsah. No women were more violated than Sunnis at hands of Shia ,Radicalization,-,USA,
https://www.counterextremism.com/extremists/abu-mutassim-aka-abumutassim03,Website,Islam is here to destroy and humiliate all types of falsehood until there is only truth,Radicalization,-,USA,
https://www.counterextremism.com/extremists/abu-mutassim-aka-abumutassim03,Website,Islam is here to help u raise your children in the best of ways,Radicalization,-,USA,
https://www.counterextremism.com/extremists/abu-mutassim-aka-abumutassim03,Website,Islam is here to offer u cures and solution to your problems  ,Radicalization,-,USA,
https://www.counterextremism.com/extremists/abu-mutassim-aka-abumutassim03,Website,Islam is here to destroy draconian laws and establish justice which will bring stability and peace,Radicalization,-,USA,
https://www.counterextremism.com/extremists/abu-mutassim-aka-abumutassim03,Website,O foolish people. U very well know Islam will conquer the world. So why go against it. Advice: Embrace Islam and rally with it.,Radicalization,-,USA,
https://www.counterextremism.com/extremists/abu-mutassim-aka-abumutassim03,Website,There is no honor except in Islam. Otherwise u are a low life scum,Radicalization,-,USA,
https://www.counterextremism.com/extremists/abu-mutassim-aka-abumutassim03,Website,Cutting off theifs hand is part of Islam. Only theives shud have a problem wjth this. The rest should feel secure their belongings r safe,Radicalization,-,USA,
https://www.counterextremism.com/extremists/amal-aka-bintrose52,Website,How can coconuts complain about expanding of the IS when it happens with Allah's permission,Radicalization,-,USA,
https://www.counterextremism.com/extremists/abu-izzadeen,Website,"You only die once let it be for Allah
Inside the haram shareef",Radicalization,-,USA,
https://www.counterextremism.com/extremists/abu-izzadeen,Website,This ummah will always be filled with those who run towards Allah never diverting their gaze never looking back,Radicalization,-,USA,
https://www.counterextremism.com/extremists/abu-izzadeen,Website,"Whoever allies with, supports by money, word or body the crusader coalition against Ahl sunnah is an murtad kaafar",Radicalization,-,USA,
https://www.counterextremism.com/extremists/abu-izzadeen,Website,The ‘Islam of the west’were all the rules of our deen are usurped by Kufr ideals and practices. Dar Kufr,Radicalization,-,USA,
https://www.counterextremism.com/extremists/abu-izzadeen,Website,This is a frontier of Islam don't underestimate your role Allah may guide someone with your words always purify Niyah,Radicalization,-,USA,
https://www.counterextremism.com/extremists/abu-izzadeen,Website,"Only the hypocrites fight for the worshipers of the cross this is the sunnah of Allah,camp of Kufr vs camp of Emaan",Radicalization,-,USA,
https://www.counterextremism.com/extremists/abu-izzadeen,Website,It is our Minhaj to declare Kufr upon those who ally with the disbelievers against the believers and to hate them,Radicalization,-,USA,
https://www.counterextremism.com/extremists/abu-izzadeen,Website,#texasattack competing to insult the messenger Mohammed that is the issue under the guise of freedom of speech they declare war on Islam,Radicalization,-,USA,
https://www.counterextremism.com/extremists/abu-izzadeen,Website,"The Sunnah is 2confront the disbelief openly, in a direct&forcefully manner wherever that may be #StayMuslimDontVote",Radicalization,-,USA,
"Leah Windsor ""The Language of Radicalization: Female Internet Recruitment to Participation in ISIS Activities""",Research Article,"Even though last year was my most depressed year ever I’m
so happy everything that happened to me, happened.
Because if it didn’t, I wouldn’t have realized how amazing my
life is with Allah in it",Radicalization,-,USA,
"Leah Windsor ""The Language of Radicalization: Female Internet Recruitment to Participation in ISIS Activities""",Research Article,"Hijrah has a comprehensive meaning as understood in Islam.
It is not simply just the act of moving from one place to
another; from a non-Muslim country to a Muslim country. Ibn
al-Qayyim explains that it is, in fact, an emigration of the
body and the spirit.",Recruitment,-,USA,
"Kursuncu ""Modeling Islamist Extremist Communications on Social Media using Contextual Dimensions""",Research Article,"Anyone who prefers to raise secularism over Islam is a kafir, whether he’s from Saudi, Sudan,
Somalia, Mexico, Burma, Hawaii, or elsewhere.",Radicalization,"Saudi Arabia, Sudan, Mexico,Somalia, Myanmar, Hawaii",USA,
"Kursuncu ""Modeling Islamist Extremist Communications on Social Media using Contextual Dimensions""",Research Article,"Here is the fragrance of Paradise, Here is the field of Jihad. Here is the land of #Islam, Here is
the land of the Caliphate",Radicalization,-,USA,
"Kursuncu ""Modeling Islamist Extremist Communications on Social Media using Contextual Dimensions""",Research Article,and Jihad means to sacrifice YOURSELF in war to save your country,Radicalization,-,USA,
"Saif et.al ""A Semantic Graph-Based Approach for Radicalisation Detection on Social Media""",Research Article,"Allah , Prophet , Khilafah",Radicalization,-,USA,
"Winter ""Media Jihad:The Islamic State’s Doctrine for Information Warfare""",Research Article,"To every media operative brother in the Islamic State, you should know and be convinced of the following fact, [that] the media is a jihad in the way of Allah [and that] you, with your media work, are therefore a mujahid in the way of Allah",Radicalization,-,USA,
"Kohen et.al ""The Making of a Hero: Cultivating Empathy, Altruism, and Heroic Imagination """,Research Article,"Istishadi, istishad",Radicalization,-,USA,
