Source,Type_of_Source,Text,Ideology,Label,Geographical_Location,Author_Country_Affiliation,
"Ray and Marsh ""Recruitment by extremist groups on the Internet""",Research Article,"This is a deliberate choice of words. As we state on page 49 in NATURE'S ETERNAL RELIGION, if we are for White Racial supremacy then we must stop giving them credit and respect which they did not earn, do not deserve, and never did. Again, it is very strange that the same people who are so affronted by the niggers not getting their ""proper respect"" are totally unconcerned about the vicious, unwarranted attacks by the niggers and other mud races upon the White Race and will not lift a finger in the defense of their own kind. They seem to deem it quite proper that the niggers should be loyal to their race, the Jews should be loyal to their race, but when the White Man is asked to show a loyalty to his own race, he is immediately denounced, even by members of his own race, as being a racist, a bigot, a Nazi, and many other derogatory smear words that the Jews have concocted.",White Supremacist,Propaganda,-,USA,
"Ray and Marsh ""Recruitment by extremist groups on the Internet""",Research Article,"Most victims of race crime - about 90 per cent - are White. Almost 1 million White Americans were murdered, robbed, assaulted or raped by black Americans in 1992, compared with about 132,000 blacks who were murdered, robbed, assaulted or raped by Whites. Blacks are committing more than 50 times the number of violent racial crimes of Whites.",White Supremacist,Propaganda,-,USA,
"Ray and Marsh ""Recruitment by extremist groups on the Internet""",Research Article,"WE BELIEVE that the Cananite Jew is the natural enemy of our Aryan (White) race. This is attested by scripture and all secular history. The Jew is like a destroying virus that attacks our racial body to destroyer Aryan culture and the purity of our Race. Those of our Race who resist these attacks are called ""chosen and faithful"" John 8:44; 1Thessalonians 2:15; Revelations 17:14.",White Supremacist,Radicalization,-,USA,
"Ray and Marsh ""Recruitment by extremist groups on the Internet""",Research Article,"The culture of a race, free of alien influences, is telling evidence of that race's essential nature. The African Negro with a cow-dung hairdo, a bone through his nose, and teeth filed down to sharp points, in other words, presents to us a far more accurate image of the Negro essence than does the American Black in a business suit who has been trained to drive an automobile, operate a typewriter, and speak flawless English ... . Negro culture inferiority is the consequence of the physical inadequacy of the Negro brain in dealing with abstract concepts. On the other hand, the Negro shows an ability approaching that of the White at mental tasks requiring only memory. That is why the Negro can be trained relatively easily to adapt to many aspects of White culture ... . It has been well known since the large-scale intelligence testing of U.S. Army recruits in World War I that the average Negro IQ is approximately 15 per cent below that of the average White. Apologists for the Blacks have tried to explain away the earlier test scores as being due to the effects of segregated schools and Black poverty; i.e. they claimed the tests were ""culturally"" biased",White Supremacist,Radicalization,-,USA,
"Ray and Marsh ""Recruitment by extremist groups on the Internet""",Research Article,"Influential organizations and much of the western media promote a quasi-religious Anne Frank cult. She has become a kind of secular saint. Along with many other Belsen camp inmates, Anne came down with typhus, from which she died in mid-March 1945. She was not killed or murdered. Anne Frank perished - like millions of others, both Jewish and non-Jewish, in Europe during that terrible time - an indirect victim of history's most devastating war ... . Few people realize that Anne, along with father and sister, and thousands of other Jews, ""survived"" Auschwitz-Birkenau. Her father, Otto Frank, came down with typhus and was transferred to the camp infirmary there to recover. He was one of thousands of sick and feeble Jews who were left behind when the Germans abandoned the camp in January 1945, shortly before it was overrun by the Soviets. He died in Switzerland inAugust 1980 ... . If the German policy had been to kill Anne Frank and her father, they would not have survived Auschwitz-Birkenau. Their fate, as tragic as it was, cannot be reconciled with the Holocaust extermination story.",White Supremacist,Propaganda,"Switzerland, Germany",USA,
"Ray and Marsh ""Recruitment by extremist groups on the Internet""",Research Article,"[The Holocaust] along with Christianity, ranks as one of the biggest lies and biggest hoaxes in history. Privately, among themselves, the Jews published the growth of their total world population between 1938 and 1948, as increasing from approximately 16,600,000 to 17,650,000, an increase of over a million. This would be an outrageous impossibility, if it had been decimated by 6,000,000 during this same period ... . It has reaped tremendous dividends for them. Having worldwide monopoly of the propaganda machinery, they were able to put that lie across with little or no opposition.",White Supremacist,Propaganda,Germany,USA,
"Ray and Marsh ""Recruitment by extremist groups on the Internet""",Research Article,"For many years, scholars and researchers have been delving into the history of World War II, and their research has cast a lot of doubt on the commonly accepted 6 million figure for Jewish losses in that war. Now undoubtedly you've heard Jewish spokesmen decrying this movement among historians and researchers to bring our history books into closer accord with the facts. This movement is usually called ""revisionism,"" because of the belief of its adherents that the history of wars is usually written by the victors, and the victors often have a lot of reasons for lying: covering up their own atrocities, and justifying extreme actions taken against those they wish to paint as ""evil."" But what these Jewish spokesmen haven't told you is that it isn't only Revisionists who have questioned the six million figure. Even establishment historians and even official Jewish ""Holocaust"" historians have been forced by new studies and documents to drastically revise that figure downward.",White Supremacist,Propaganda,Germany,USA,
"Ray and Marsh ""Recruitment by extremist groups on the Internet""",Research Article,"I just recently graduated high school in southern Oklahoma. I do not consider myself to be a racist, but I noticed that the black students at my school oppressed the white students. They hated the white kids that did not conform to their way. I remember an incident where a friend of mine and another student were playing in the halls, like all kids do, and accidentally bumped into a black kid. I was there, and he did not do it on purpose. He tried to apologize to the black, but by that time a group of other black students were approaching. All the blacks ganged up around my friend, so I stood in his defense. Then out of nowhere one of the black kids spit on me! Of course I then retaliated with a blow to the guy's face, then they all jumped in on me and I was out numbered 6 to 1! The teachers broke up the fight. We were all taken to the office. I tried to explain what had happened to the principal, but he would not listen to my account and sentenced me and the 6 black kids to detention. I thought it to be unfair and a weak stand on his part! And my friend was too scared of them to stand up for me because they had threatened him. That is just one of many instances that I recall. Such a shame the school never made a stand against this and many other occasions like this.",White Supremacist,Recruitment,-,USA,
"Ray and Marsh ""Recruitment by extremist groups on the Internet""",Research Article,Asians in [B]radford at the moment have launched a series of shootings over the last three weeks. none of this has been in national news papers or nationalitv. it does show that the [A]sian population of [B]radford are armed and ready . [A]fter recent riotings  and past all with no arrests isn't it about time somthing was done. [A]reas of [B]radford are no go zones for whites [M]anningham just one example. coming from [B]radford [I] find this really bugging not to be able to walk the streets of my home town.,White Supremacist,Recruitment,-,USA,
"Ray and Marsh ""Recruitment by extremist groups on the Internet""",Research Article,That is a sad situation. Things like that are all too common. I am from Mesa Arizona and the white population seems scarce here. All the [M]exicans and blacks are controling our streets. They have an attitude that they are better than us and that we won't do anything about it. [W]e need to take back America and the streets. I feel that Whites should be the predominant force in [A]merica. Whites can hardly walk down the street anywhere without being threatened. We must unite.,White Supremacist,Recruitment,-,USA,
"Ray and Marsh ""Recruitment by extremist groups on the Internet""",Research Article,"[T]he [N]iggers in [S]yracuse, [NY] are the same way. [W]e need to unite. the [N]iggers may be 100 or so years behind us when it comes to rational thought and brain power, but, that is what makes those monkeys dangerous",White Supremacist,Recruitment,-,USA,
"Ray and Marsh ""Recruitment by extremist groups on the Internet""",Research Article,"He is someone who loves his Race and his Land more than he is concerned for his own welfare. He is neither an intellectual snob nor a street brawler. He is intelligent and educated enough to know what he is fighting for and brave enough to stand up for his beliefs when push comes to shove. He is someone who practices what he preaches, and who backs up his words with his deeds. He is definitely not someone who is long on talk and short on action.",White Supremacist,Radicalization,-,USA,
"Ray and Marsh ""Recruitment by extremist groups on the Internet""",Research Article,"Always start off small. Many small victories are better than one huge blunder (which may be the end of your career as a Lone Wolf). Every little bit counts in a resistance ... . The less any outsider knows, the safer and more successful you will be ... . Communication is a good thing, but keep your covert activities a secret. This will protect you as well as others like you ... . Never keep any records of your activities that can connect you to the activity ... . The more you change your tactics, the more effective you will become. Random chaos is never predictable... . Have a ""rainy day"" fund set aside in a safety deposit box (out of your local area and not in a high activity area), complete with new ID just in the event that something unexpected goes wrong.",White Supremacist,Recruitment,-,USA,
"Ray and Marsh ""Recruitment by extremist groups on the Internet""",Research Article,"He was a selfless man who gave his life in the resistance to Jewish/mud tyranny - a man who for whatever reason ultimately decided that violence was the way to strike back against the enemies of our people - enemies who had used violence against our people for
centuries. He was loyal to the core and who always put the interests of his Race before his own. He was a man who, while moody, you always knew was true to Creativity. While with me anyway, he did not talk a great deal, it was always obvious by his action where he stood
... the society in which he (as well as ourselves) was forced to live is so thoroughly disgusting that only the most denatured man or woman would not ever, however breifly [sic], comtemplate [sic] doing what he did. With mongrel monstrosities walking the streets, soaring ""hate""
crime against White people everywhere, a government in the hands of the most bestial gang in history - the Jews, and the White masses largely in stupor, it is actually surprising that more of our White Racial Comrades have not acted as August acted. That the Church does notcondone his acts does not affect the reality that when a people is kicked around like a dog, someone might indeed be bitten ... . Our Brother August Smith will continue to live on in all of us. His actions resulted in Creativity being brought to the attention of the world. Now it is up to us to utilize the attention Creativity has received and ride the wave of publicity which his actions either intentionally or unitentionally [sic] created for us. This is what he would have wanted, and what we must indeed do. RAHOWA!",White Supremacist,Radicalization,-,USA,
"Bridget Johnson ""https://www.hstoday.us/subject-matter-areas/counterterrorism/shared-themes-recruitment-tactics-in-white-supremacist-and-islamist-extremist-propaganda/""",Website,America is dead! Long live America!,White Supremacist,Propaganda,USA,USA,
"Bridget Johnson ""https://www.hstoday.us/subject-matter-areas/counterterrorism/shared-themes-recruitment-tactics-in-white-supremacist-and-islamist-extremist-propaganda/""",Website,"to create an atmosphere of fear and change in which drastic, powerful and revolutionary action can occur.",White Supremacist,Recruitment,-,USA,
"Bridget Johnson ""https://www.hstoday.us/subject-matter-areas/counterterrorism/shared-themes-recruitment-tactics-in-white-supremacist-and-islamist-extremist-propaganda/""",Website,Every girl loves a mass-murderer,White Supremacist,Recruitment,-,USA,
"Bridget Johnson ""https://www.hstoday.us/subject-matter-areas/counterterrorism/shared-themes-recruitment-tactics-in-white-supremacist-and-islamist-extremist-propaganda/""",Website,Turn your sadness into rage,White Supremacist,Propaganda,-,USA,
"Bridget Johnson ""https://www.hstoday.us/subject-matter-areas/counterterrorism/shared-themes-recruitment-tactics-in-white-supremacist-and-islamist-extremist-propaganda/""",Website,Making Whites Savage Again,White Supremacist,Recruitment,-,USA,
"Bridget Johnson ""https://www.hstoday.us/subject-matter-areas/counterterrorism/shared-themes-recruitment-tactics-in-white-supremacist-and-islamist-extremist-propaganda/""",Website,Join or die with rest,White Supremacist,Recruitment,-,USA,
"Bridget Johnson ""https://www.hstoday.us/subject-matter-areas/counterterrorism/shared-themes-recruitment-tactics-in-white-supremacist-and-islamist-extremist-propaganda/""",Website,Only right is right of lead,White Supremacist,Radicalization,-,USA,
"Bridget Johnson ""https://www.hstoday.us/subject-matter-areas/counterterrorism/shared-themes-recruitment-tactics-in-white-supremacist-and-islamist-extremist-propaganda/""",Website,Join the Atomwaffen division,White Supremacist,Recruitment,-,USA,
"Bridget Johnson ""https://www.hstoday.us/subject-matter-areas/counterterrorism/shared-themes-recruitment-tactics-in-white-supremacist-and-islamist-extremist-propaganda/""",Website,Firebomb your local synagogue,White Supremacist,Radicalization,-,USA,
"Bridget Johnson ""https://www.hstoday.us/subject-matter-areas/counterterrorism/shared-themes-recruitment-tactics-in-white-supremacist-and-islamist-extremist-propaganda/""",Website,"If you have the bug, give a hug. Spread the flu to every Jew",White Supremacist,Radicalization,-,USA,
"Gernstenfeld ""Hate Online: A Content Analysis of Extremist
Internet Sites""",Website,"Well friends, he is not a legitimate reverend, he is not a bona fide PhD, and his name isnaint really the Martin Luther King, Jr. Whats left? Just a sexual degenerate, an America-hating Communist, and a criminal betrayer of even the interests of his own people.",White Supremacist,Propaganda,-,USA,
"ADL report Feb 2020 ""https://www.adl.org/blog/white-supremacists-double-down-on-propaganda-in-2019""",Report,One Nation against invasion,White Supremacist,Propaganda,-,USA,
"ADL report Feb 2020 ""https://www.adl.org/blog/white-supremacists-double-down-on-propaganda-in-2019""",Report,For Nation Against the State,White Supremacist,Propaganda,-,USA,
"ADL report Feb 2020 ""https://www.adl.org/blog/white-supremacists-double-down-on-propaganda-in-2019""",Report,America is not for sale,White Supremacist,Propaganda,USA,USA,
"ADL report Feb 2020 ""https://www.adl.org/blog/white-supremacists-double-down-on-propaganda-in-2019""",Report,Deport them all,White Supremacist,Propaganda,-,USA,
https://www.bridgemi.com/michigan-government/amid-diversity-debate-white-supremacists-recruit-upper-peninsula-school,Website,Reclaim America,White Supremacist,Recruitment,USA,USA,
Busines Insider Sonam Seth Jun 2 2020 https://www.businessinsider.in/politics/world/news/a-white-supremacist-channel-on-telegram-encouraged-followers-to-incite-violence-during-police-brutality-protests-by-shooting-in-a-crowd-according-to-internal-dhs-memo/articleshow/76151003.cms,Website,"Now that we clearly see Antifa as terrorists, can we hunt them down like we do those in the Middle East?",White Supremacist,Radicalization,USA,USA,
Vox Pol Fabio https://www.vox.com/21506029/trump-violence-tweets-racist-hate-speech,Website,"When Mexico sends its people, theyâ€™re not sending their best. Theyâ€™re not sending you. Theyâ€™re not sending you. Theyâ€™re sending people that have lots of problems, and theyâ€™re bringing those problems with us. Theyâ€™re bringing drugs. Theyâ€™re bringing crime. Theyâ€™re rapists. And some, I assume, are good people.",White Supremacist,Radicalization,-,USA,
"Atomwaffen Report ""https://thesoufancenter.org/wp-content/uploads/2020/08/The-Atomwaffen-Division-The-Evolution-of-the-White-Supremacy-Threat-August-2020-.pdf""",Report,We will vanquish the modern world in totality,White Supremacist,Recruitment,-,USA,
"Atomwaffen Report ""https://thesoufancenter.org/wp-content/uploads/2020/08/The-Atomwaffen-Division-The-Evolution-of-the-White-Supremacy-Threat-August-2020-.pdf""",Report,"join us, or perish with the rest",White Supremacist,Recruitment,-,USA,
"Atomwaffen Report ""https://thesoufancenter.org/wp-content/uploads/2020/08/The-Atomwaffen-Division-The-Evolution-of-the-White-Supremacy-Threat-August-2020-.pdf""",Report,We pledge our allegiance to AtomWaffen Division,White Supremacist,Recruitment,-,USA,
"Loadenthal ""https://www.academia.edu/42910889/_2020_Accelerating_Hate_Atomwaffen_Division_Contemporary_Digital_Fascism_and_Insurrectionary_Accelerationism""",Research Article,to shake the state and social order in Germany and in the end to overturn it,White Supremacist,Recruitment,Germany,-,
"Loadenthal ""https://www.academia.edu/42910889/_2020_Accelerating_Hate_Atomwaffen_Division_Contemporary_Digital_Fascism_and_Insurrectionary_Accelerationism""",Research Article,The belief that a social systemâ€™s internal contradictions should be pushed to their limits in order to encourage rather than overcome thesystemâ€™s self-destructive tendencies. This is done to hasten the systemâ€™s collapse or demise as well as create space for radical social change to take root. ,White Supremacist,Radicalization,,,
"Loadenthal ""https://www.academia.edu/42910889/_2020_Accelerating_Hate_Atomwaffen_Division_Contemporary_Digital_Fascism_and_Insurrectionary_Accelerationism""",Research Article,"join,family,group",White Supremacist,Recruitment,,,
"Loadenthal ""https://www.academia.edu/42910889/_2020_Accelerating_Hate_Atomwaffen_Division_Contemporary_Digital_Fascism_and_Insurrectionary_Accelerationism""",Research Article,"The time for violent revolution is now, that time is already here, itâ€™s here right now as we speak. You have one of two options if you understand the truth and you understand the gravity of the situation....Option number one, prepare for the collapse. Option number two, bring the collapse. That is it. If you are not getting physically fit, if you are not getting armed, if you do not acquiring weapons [sic], ammunition, and training right fucking now, then you should be preparing to do what needs to be done. Derail some fucking trains, kill some people, and poison some water supplies. You better be fucking ready to do those things.",White Supremacist,Radicalization,,,
"Loadenthal ""https://www.academia.edu/42910889/_2020_Accelerating_Hate_Atomwaffen_Division_Contemporary_Digital_Fascism_and_Insurrectionary_Accelerationism""",Research Article,"Kang versus kike has potential to wreak havoc on the system. But we should not fall into the mindset that they are necessary allies for our long term success. There can be no long term success for our folk if we are to rely on billions of starving, diseased, low iq nogs. Our cause transcends the end of the jew. Our cause is for eternity. Total Victory must be ours and ours alone. So long as we recognize that fact; by all means, set the apes loose on the rats nest in the meantime. ",White Supremacist,Radicalization,,,
Thompson https://www.propublica.org/article/atomwaffen-division-inside-white-hate-group,Website,Politics are useless. Revolution is necessary,White Supremacist,Radicalization,-,USA,
Thompson https://www.propublica.org/article/atomwaffen-division-inside-white-hate-group,Website,"We want men who are willing to be the boots on the ground. Joining us means serious dedication not only to the Atomwaffen Division and its members, but to the goal of Total Aryan Victory.",White Supremacist,Recruitment,-,USA,
Thompson https://www.propublica.org/article/atomwaffen-division-inside-white-hate-group,Website,"The only acceptable case of miscegenation is what the serbs did to captured bosniak women,Force them to carry around the spawn of their master and enemy",White Supremacist,Radicalization,"Bosnia,Serbia",USA,
Thompson https://www.propublica.org/article/atomwaffen-division-inside-white-hate-group,Website,We are only going to inspire more copycat crimes in the name of AWD. All we have to do is spread our image and our propaganda,White Supremacist,Propaganda,-,USA,
ADL https://www.adl.org/resources/reports/white-supremacist-propaganda-surges-on-campus,Website,Jews will not replace us,White Supremacist,Radicalization,-,USA,
ADL https://www.adl.org/resources/reports/white-supremacist-propaganda-surges-on-campus,Website,Secure our Border Secure our Future,White Supremacist,Radicalization,-,USA,
ADL https://www.adl.org/resources/reports/white-supremacist-propaganda-surges-on-campus,Website,"Our whole purpose is gradual escalation and we have done absolutely fucking NOTHING. Its time to stop fucking around and get serious. Between September 20-25 I want everyone who isnt in a wheelchair to get out and act. Flyers, windows, and tires. Lets take back our image of strength and cohesion.",White Supremacist,Radicalization,-,USA,
ADL https://www.adl.org/resources/reports/white-supremacist-propaganda-surges-on-campus,Website,"Focus on broad anti-white elements for now, though. Nigger cars, jew businesses etc.",White Supremacist,Radicalization,-,USA,
https://www.thestranger.com/slog/2017/06/07/25198365/neo-nazi-group-posts-flyers-at-evergreen-state-college-after-student-demonstrations,Website,Black Lives Don’t Matter,White Supremacist,Propaganda,-,USA,
https://www.propublica.org/article/atomwaffen-division-inside-white-hate-group,Website,Rats and traitors get the rope first,White Supremacist,Radicalization,-,USA,
https://www.propublica.org/article/atomwaffen-division-inside-white-hate-group,Website,A new world order will rise from the ashes of the kike system.,White Supremacist,Propaganda,-,USA,
https://www.propublica.org/article/atomwaffen-division-inside-white-hate-group,Website,Join your local Nazis,White Supremacist,Recruitment,-,USA,
https://www.propublica.org/article/atomwaffen-division-inside-white-hate-group,Website,"We want men who are willing to be the boots on the ground. Joining us means serious dedication not only to the Atomwaffen Division and its members, but to the goal of Total Aryan Victory",White Supremacist,Recruitment,-,USA,
https://nypost.com/2018/01/09/neo-nazi-leader-gets-5-years-for-having-explosive-material/,Website,"Don’t prepare for exams, prepare for a race war.",White Supremacist,Radicalization,-,USA,
https://www.counterextremism.com/supremacy/atomwaffen-division-national-socialist-order,Website,"We will build an Aryan, National Socialist world by any means necessary.",White Supremacist,Propaganda,-,USA,
https://www.huffingtonpost.co.uk/2014/03/06/new-neo-nazi-group-national-action_n_4910260.html?guccounter=1,Website,"White Youths between ages of 15-29 who are looking to become racial activists. Our group is about carrying out direct action operations nationwide, and we would love to hear from you. Flyers, stickers, and activites will all be provided free of charge to willing volunteers. If you are interested please contact us today!",White Supremacist,Recruitment,-,USA,
https://www.counterextremism.com/supremacy/combat-18,Website,"all non-whites back to Africa, Asia, Arabia, whether alive or in body bags",White Supremacist,Propaganda,"Africa, Asia, Arabia",USA,
https://www.counterextremism.com/supremacy/combat-18,Website,"weed out all Jews in the government, the media, the arts, the professions",White Supremacist,Propaganda,-,USA,
https://www.counterextremism.com/supremacy/combat-18,Website,put into camps the rest until we find a final solution to the eternal Jew.,White Supremacist,Propaganda,-,USA,
https://www.counterextremism.com/rhetoric-category/white-supremacist,Website,"I am not in the position to, alone, go into the ghetto and fight. I chose Charleston because it is most historic city in my state, and at one time had the highest ratio of blacks to Whites in the country. We have no skinheads, no real KKK, no one doing anything but talking on the internet. Well someone has to have the bravery to take it to the real world, and I guess that has to be me.",White Supremacist,Propaganda,-,USA,
https://www.counterextremism.com/rhetoric-category/white-supremacist,Website,Segregation was not a bad thing...It was a defensive measure. Segregation did not exist to hold back niggers. It existed to protect us from them,White Supremacist,Propaganda,-,USA,
https://www.counterextremism.com/rhetoric-category/white-supremacist,Website,"The rapidly growing non-European population, which is within the borders of the Nordic region, will, in combination with race blend and low Nordic birth rates, effectively provide for the safe and secure death of the Nordic breed if something is not done.",White Supremacist,Propaganda,"Norway,Sweden,Finland",USA,
https://www.counterextremism.com/rhetoric-category/white-supremacist,Website,"It is a battle of life and death, with the race's survival as an effort. It's time to take courage and move the sword out of the stone. The destiny is here and now! Do right- fear nothing!",White Supremacist,Recruitment,-,USA,
https://www.counterextremism.com/rhetoric-category/white-supremacist,Website,"The Nordics and the Nordic race are in imminent danger. Through the use of their power positions and their influence, traitors, big finance and enemy media have for many years made sure that the gates to the Nordics are wide open, thus enabling the ongoing, racially alien invasion of our lands",White Supremacist,Radicalization,"Norway,Sweden,Finland",USA,
https://www.counterextremism.com/rhetoric-category/white-supremacist,Website,"The Mexican birthrate in this country is five times that of white people. The black birthrate is four times larger. America will become a Third World nation if these trends continue. Unless we slow down and cut off immigration by beefing up border control and encourage welfare recipients to have fewer kids, the white population in America will be swamped.",White Supremacist,Propaganda,USA,USA,
https://www.counterextremism.com/rhetoric-category/white-supremacist,Website,"You can’t raise the nigger race of people that aren’t equal to white. Whether it’s in schooling, whether it’s in housing, in the community, or in society or what it is. You can only do one thing as the situation has proven itself in the Washington D.C. school system.",White Supremacist,Propaganda,-,USA,
https://www.counterextremism.com/rhetoric-category/white-supremacist,Website,"You can only bring the white race down, and by continually bringing the white race down you’re bringing them down to a level with the nigger race of people.",White Supremacist,Propaganda,-,USA,
https://www.counterextremism.com/rhetoric-category/white-supremacist,Website,You don’t bring the nigger up to the level of the white. You’re bringing the white and driving the white down on to a level of that of the nigger. And that’s the entire program of desegregation that’s transpiring and taking place,White Supremacist,Propaganda,-,USA,
https://www.counterextremism.com/rhetoric-category/white-supremacist,Website,I sure will believe in segregation for the simple reason we believe in preserving and protecting God’s word. He created the white man. He intended for him to stay white. He created the nigger. He intended for him to stay black. And we believe that Mongolization destroys both races and creates a Mongol which is not a race.,White Supremacist,Propaganda,-,USA,
https://www.counterextremism.com/rhetoric-category/white-supremacist,Website,"Anti-White discrimination is official government policy through ‘affirmative action’ schemes such as minority scholarships, minority business grants, contract ‘set-asides,’ and the hiring and force fed promotion of less qualified employees. We demand an end to all government enforced race mixing such as busing and moving welfare recipients into Middle Class neighborhoods.",White Supremacist,Propaganda,-,USA,
https://www.counterextremism.com/rhetoric-category/white-supremacist,Website,So for a church to welcome so-called Christian homosexuals or non-whites into the congregation—because its some sort of hospital for the depraved is wrong,White Supremacist,Radicalization,-,USA,
Weinberg 2011 https://digitalcommons.ric.edu/cgi/viewcontent.cgi?article=1051&context=honors_projects,Website,"Finally, we are all going to be linked together at one point in time. Imagine if you will, all the great minds of the patriotic Christian movement linked together and joined into one computer. Now imagine any patriot in the country being able to call up and access those minds, to deal with the problems and issues that affect him. You are on line with the Aryan Nations brain trust. It is here to serve the folk",White Supremacist,Propaganda,-,USA,
Weinberg 2011 https://digitalcommons.ric.edu/cgi/viewcontent.cgi?article=1051&context=honors_projects,Website,"Hello my fellow kids, I am 16, i would like to URGE ALL OF YOU not to do drugs. You hear that repeatedly, and many think its idiotic. People who dopot, crack, any drugs, have no future, have no power. Do you want to be futureless? be powerless, because i dont. I want power, control, i want people to fear me, i want money, i want the world, i want our cause to be praised world wide, i hope you do too. Doing drugs will make you inferior, and will not help you become an elite. So kiddies, whether your my age, or younger, please dont do drugs, i would hate to see one of our Aryan brothers polluted bysubstances created by some fucking disgusting spic asshole in columbia or mexico",White Supremacist,Radicalization,-,USA,
Weinberg 2011 https://digitalcommons.ric.edu/cgi/viewcontent.cgi?article=1051&context=honors_projects,Website,"Hello to all of the future generations of White Nationalists!The Knights of the KuKluxKlan has for racially minded youths a YouthKlanCorp.All of those young ones that are interested in participating in the Great and Noble organization of The Knightsof the KuKluxKlanare encouraged to join!The Knightsof the KuKluxKlanare a political movement that promotes White Christian Revival and Values. Yes, we still practice ceremony and we still stand For GOD, RACE, and NATION!",White Supremacist,Recruitment,-,USA,
Weinberg 2011 https://digitalcommons.ric.edu/cgi/viewcontent.cgi?article=1051&context=honors_projects,Website,"We gather at special times of the year for fellowship and worship and The Knights also encourage White Christian Youths to become involved in their desire to standFor GOD, RACE, and NATION too.To view the Knights of the KuKluxKlan webpage, point your cursor to the Confederate Flag and click. Through this page you can visit a lot of the different aspects of The Knights of the KuKluxKlan.To see the online application for membership in The Knights of the KuKluxKlan, point your cursor to the Knightsbanner on the Right side of Our Country's Flag. This will take you to the online application for membership into The Knights of The KuKluxKlan",White Supremacist,Recruitment,-,USA,
Weinberg 2011 https://digitalcommons.ric.edu/cgi/viewcontent.cgi?article=1051&context=honors_projects,Website,Follow your Racial calling and allow GOD to guide you to the Truth.,White Supremacist,Recruitment,-,USA,
Weinberg 2011 https://digitalcommons.ric.edu/cgi/viewcontent.cgi?article=1051&context=honors_projects,Website,"Some of you may be a bit young to remember this, so a quick rundown: Panzerfaust Records (Now Tightrope Records) pressed a 100,000 copies of what they called Project Schoolyard. This is a compact disc packed full of pro-white music, with different music tastes for everyone. The discs are mass-produced for distribution at schools, although you could distribute them elsewhere. This project was VERY successful and garnered TONS of support, as well as a lot of coverage from the media. I for one, would like to see this take off again...hell, I would LOVE to see us be even more successful this time around. It is up to YOUto make this happen. The price per CD is only 0.30 cents so I don't want to hear anyone complaining about how they cant afford it!!! HOWEVER...I would like you to continue reading before youparticipate in this project.",White Supremacist,Radicalization,-,USA,
https://www.lawfareblog.com/iron-march-data-dump-provides-window-how-white-supremacists-communicate-and-recruit,Website,"In my unit (infantry) I’ve met quite a few rightists—some openly NS, lots of neo-Nazis, others just nationalists, others red-pilled conservatives, others blue-pilled militiamen, even a couple Mormon extremists. You see plenty “of our kind” in the combat arms.... On most bases you can see the occasional right-wing symbol. Sun wheel there, 88 here, Mussolini’s face over there, a Templar cross tattoo. The symbols of SS units are especially common, even on things as public as cars, flags, and helmets",White Supremacist,Propaganda,-,USA,
https://www.lawfareblog.com/iron-march-data-dump-provides-window-how-white-supremacists-communicate-and-recruit,Website,"The thing is, you can’t defend alt-right here while claiming to support Iron March/Atomwaffen. Pick one because you cannot be on both sides at once.",White Supremacist,Recruitment,-,USA,
https://www.abc.net.au/news/2021-03-26/the-base-tapes-secret-recordings-australian-recruitment/13255994,Website,"We have barely a toehold right now in Australia, we need to change that to a foothold",White Supremacist,Recruitment,-,Australia,
https://www.abc.net.au/news/2021-03-26/the-base-tapes-secret-recordings-australian-recruitment/13255994,Website,"So appreciate you accepting this role. You know, you have been doing a real solid for us, even though you're out there in Australia, kind of on your own for a while. You stayed committed to The Base and, you know, you've done things actively. I mean, you postered.",White Supremacist,Recruitment,-,Australia,
https://www.abc.net.au/news/2021-03-26/the-base-tapes-secret-recordings-australian-recruitment/13255994,Website,"We're looking for guys who realise that there's a degree of risk involved with getting involved with us and they're willing to take on that risk because they feel the mission is important enough and they want to be, you know, participate strongly enough that they're willing to take on that degree of risk.",White Supremacist,Recruitment,-,Australia,
https://www.abc.net.au/news/2021-03-26/the-base-tapes-secret-recordings-australian-recruitment/13255994,Website,“I was just starting to see all the [Sudanese] in Melbourne and that sort of stuff and I’m just becoming more racist.”,White Supremacist,Radicalization,-,Australia,
https://www.businessinsider.in/politics/world/news/neo-nazi-groups-are-using-instagram-to-recruit-young-teenagers-experts-warn-memes-are-being-used-to-entice-them-/articleshow/81726034.cms,Website,Establish White Law,White Supremacist,Recruitment,-,USA,
https://nospace4hate.btown-in.org/recruitment-on-campus/,Website,“diversity” is a weapon of annihilation targeting  American identity,White Supremacist,Propaganda,USA,USA,
https://nospace4hate.btown-in.org/recruitment-on-campus/,Website,Diversity destroys Nations,White Supremacist,Recruitment,-,USA,
https://nospace4hate.btown-in.org/recruitment-on-campus/,Website,Immigration Kills. Coronavirus Made in China,White Supremacist,Recruitment,China,USA,
https://nospace4hate.btown-in.org/recruitment-on-campus/,Website,Protect American Workers,White Supremacist,Recruitment,USA,USA,
https://nospace4hate.btown-in.org/recruitment-on-campus/,Website,Nationalism not Globalism,White Supremacist,Recruitment,-,USA,
https://gothamist.com/news/white-supremacist-recruiting-poster-spotted-then-destroyed-bay-ridge,Website,To ourselves and our posterity,White Supremacist,Recruitment,-,USA,
Alt-Right | Southern Poverty Law Center (splcenter.org),Website,"Martin Luther King Jr., a fraud and degenerate in his life, has become the symbol and cynosure of White Dispossession and the deconstruction of Occidental civilization. We must overcome!",White Supremacist,Propaganda,-,USA,
Alt-Right | Southern Poverty Law Center (splcenter.org),Website,"Immigration is a kind of proxy war—and maybe a last stand—for White Americans, who are undergoing a painful recognition that, unless dramatic action is taken, their grandchildren will live in a country that is alien and hostile.",White Supremacist,Propaganda,-,USA,
Alt-Right | Southern Poverty Law Center (splcenter.org),Website,"Since we are fighting for nothing less than the biological survival of our race, and since the vast bulk of Jews oppose us, we need to err on the side of caution and have no association with Jews whatsoever. Any genuine Jewish well-wishers will understand, since they know what their people are like better than we ever can. Saving our race is something that we will have to do ourselves alone.",White Supremacist,Propaganda,-,USA,
Alt-Right | Southern Poverty Law Center (splcenter.org),Website,"I oppose the Jewish diaspora in the United States and other white societies. I would like to see the white peoples of the world break the power of the Jewish diaspora and send the Jews to Israel, where they will have to learn how to be a normal nation.",White Supremacist,Propaganda,USA,USA,
,Website,"At the core of the JI [Jewish Identity] is a malevolent supremacy. This is the manifest in their rejection of outgroups who wish to participate and innovate traditional Jewish cultural activities. Why reject diversity and progress within your community if not a false feeling of ‘betterness’? The root of this problem is, of course, a sexual feeling of inferiority. Mighty psychosexual urges must not be downplayed within group dynamics. As a remedy to this, the JI must be infiltrated with foreign members to procreate with their men and women. That way, the deep psychological psychosis can be treated at the root",White Supremacist,Propaganda,-,USA,
Alt-Right | Southern Poverty Law Center (splcenter.org),Website,"The new left doctrine of racial struggle in favor of non-Whites only, a product of decolonization and the defeat of nationalists by egalitarians after WWII, must be repudiated and Whites must be allowed to take their own side in their affairs. A value system that says Whites are not allowed to have collective interests while literally every other identity group can do so and ought to do so is unacceptable",White Supremacist,Propaganda,-,USA,
Alt-Right | Southern Poverty Law Center (splcenter.org),Website,"This is our home and our kith and kin. Borders matter, identity matters, blood matters, libertarians and their capitalism can move to Somalia if they want to live without rules, in the West we must have standards and enforce them. The ‘freedom’ for other races to move freely into white nations is nonexistent. Stay in your own nations, we don’t want you here.",White Supremacist,Propaganda,-,USA,
Alt-Right | Southern Poverty Law Center (splcenter.org),Website,"Those who promote miscegenation, usury, or any other forms of racial suicide should be sent to re-education centers, not tolerated",White Supremacist,Propaganda,-,USA,
American Border Patrol/American Patrol | Southern Poverty Law Center (splcenter.org),Website,"An invasion is spreading across America like wildfire, bringing gangs, drugs and an alien culture into the very heartland of America.",White Supremacist,Propaganda,USA,USA,
American Border Patrol/American Patrol | Southern Poverty Law Center (splcenter.org),Website,"A misguided immigration policy and a hostile force on our border are threatening the bonds of our union. If she is to survive, America needs leaders who will fight for her. Leaders who will control our border. Leaders who will repel invaders. Leaders who will put an end to the cultural cancer which is eating at the very heart of our nation. America and her western civilization must be rescued if she is to make her date with destiny in the twenty first century",White Supremacist,Propaganda,USA,USA,
American Border Patrol/American Patrol | Southern Poverty Law Center (splcenter.org),Website,"Americans, especially white Americans, should get out of California — now, before it is too late to salvage the equity they have in their homes and the value of their businesses",White Supremacist,Propaganda,USA,USA,
https://www.hopenothate.org.uk/wp-content/uploads/2021/03/state-of-hate-2021-final-2.pdf,Website,"They try to split us now from @SABMYK , but we are not that stupid as you think Soros! We are QAnon #WWG1WGA !!! THIS IS SPARTA and THIS IS @SABMYK ! We stay together! You can’t devide us",White Supremacist,Propaganda,-,USA,
https://www.hopenothate.org.uk/wp-content/uploads/2021/03/state-of-hate-2021-final-2.pdf,Website,All Muslims should die. White supremacists rule. I’m going to murder a Muslim,White Supremacist,Radicalization,-,USA,
https://www.hopenothate.org.uk/wp-content/uploads/2021/03/state-of-hate-2021-final-2.pdf,Website,"We are a group who specializes in white identity for the future, by the future. We arent [sic] run by old men who do not have your best interest in mind, so if you are looking for that, do not join this group. It is for members of GenZ",White Supremacist,Radicalization,-,USA,
https://www.hopenothate.org.uk/wp-content/uploads/2021/03/state-of-hate-2021-final-2.pdf,Website,“The extermination of any other non-white race is necessary Heil Hitler ! Heil Breivik ! Heil Brenton Tarrant!,White Supremacist,Radicalization,-,USA,
https://www.splcenter.org/fighting-hate/extremist-files/individual/stefan-molyneux,Website,I don’t view humanity as a single species...”,White Supremacist,Propaganda,-,USA,
https://www.splcenter.org/fighting-hate/extremist-files/individual/stefan-molyneux,Website,The whole breeding arena of the species needs to be cleaned the fuck up!,White Supremacist,Propaganda,-,USA,
https://www.splcenter.org/fighting-hate/extremist-files/individual/stefan-molyneux,Website,Screaming 'racism' at people because blacks are collectively less intelligent...is insane,White Supremacist,Propaganda,-,USA,
https://www.splcenter.org/fighting-hate/extremist-files/individual/stefan-molyneux,Website,"You cannot run a high IQ [white] society with low IQ [non-white] people…these [non-white] immigrants are going to fail...and they're not just going to fail a little, they are going to fail hard…they're not staying on welfare because they’re lazy...they’re doing what is economically the best option for them...you are importing a gene set that is incompatible with success in a free-market economy.",White Supremacist,Propaganda,-,USA,
https://www.splcenter.org/fighting-hate/extremist-files/individual/stefan-molyneux,Website,"white people will bend over backwards to accommodate you, but when they finally get that they’re just being taken advantage of...you will see a backlash, and that backlash will be quick, decisive, and brutal",White Supremacist,Propaganda,-,USA,
https://www.splcenter.org/fighting-hate/extremist-files/individual/stefan-molyneux,Website,the Germans were in danger of being taken over by what they perceived as Jewish-led Communism. And Jewish-led Communism had wiped out tens of millions of white Christians in Russia and they were afraid of the same thing. And there was this wild overreaction and all this kind of stuff.,White Supremacist,Propaganda,-,USA,
https://www.splcenter.org/fighting-hate/extremist-files/individual/stefan-molyneux,Website,"skills and abilities have not been distributed evenly by mother nature between various ethnicities and what that means is that when the shit hits the wall it hits some ethnicities a lot harder than others and then you get endless screams of “racism”...this is one fundamental reason why America is having trouble solving these problems is that everybody knows that if you cut spending which community is it going to be hit the hardest? Hint: it’s not Korean…if you cut social spending in America it’s going to hit the black community the hardest ...the black and Hispanic communities don’t end up acting the same as the white population or the Asian population...the media are compliant and willing to scream “racist” at anyone who points out basic fact-based differences between ethnicities…[and] you can’t deal with the situation until Obama’s out or until people understand that ethnicities in America and all around the world tend to act differently [collectively]...collectively ethnicities tend to act differently, they tend to have different incomes, they tend to have different rates of marital stability, they tend to have different rates of criminality",White Supremacist,Propaganda,USA,USA,
https://www.splcenter.org/fighting-hate/extremist-files/individual/stefan-molyneux,Website,"One of the biggest questions in America is ethnic crime rates...and y’know the [Asians] are the model minority…[while] the American blacks and blacks around the world have truly shockingly high levels of criminality and the general explanation is y’know slavery plus racism plus poverty, whatever it is which creates this unholy brew...but as far as I understand it there are significant contributions that your field can make to help people untangle [why] there are such differences in ethnic positive and negative behaviours in society...American blacks have roughly a standard IQ below whites",White Supremacist,Propaganda,USA,USA,
https://www.splcenter.org/fighting-hate/extremist-files/individual/stefan-molyneux,Website,"If we could just get people to be nice to their babies for five years straight, that would be it for war, drug abuse, addiction, promiscuity, sexually transmitted diseases. Almost all would be completely eliminated, because they all arise from dysfunctional early childhood experiences, which are all run by women.",White Supremacist,Propaganda,-,USA,
https://www.splcenter.org/fighting-hate/extremist-files/individual/stefan-molyneux,Website,"the fomenting of anti-white hatred is extremely strong and very toxic and very dangerous, [and] I can’t help but think, Jared, that if I lived in a society of [only] white peoplethen the giant fly swatter of ‘shut up whitey, you’re racist’ could never be used against me. We could actually have debates about ideas rather than ethnicity, we could actually have debates where reason and argument could win, and of course it’s not like all white people are rational, of course not, right? But the reality is that the giant thermonuclear strike of ‘you’re a racist’ could not be brought to bear in the debate or in the discussion, and, I gotta tell ya, that’s kinda tempting in a lot of waysbecause if other people are unwilling to drop the race card I’m not sure I wanna to play the game anymore",White Supremacist,Propaganda,-,USA,
https://www.splcenter.org/fighting-hate/extremist-files/individual/stefan-molyneux,Website,"people have this idea that human groups somehow live in harmony together...but the sum total of human history is endless warfare between competing groups, two subspecies don’t inhabit the same geographical area for long, one will always displace the other, and this idea [diversity], it’s a complete naive reading of history",White Supremacist,Propaganda,-,USA,
https://www.splcenter.org/fighting-hate/extremist-files/individual/alex-jones,Website,"I'm here to tell you, 1776 will commence again if you try to take our firearms! It doesn't matter how many lemmings you get out there on the street, begging to have their guns taken. We will not relinquish them! Do you understand?",White Supremacist,Radicalization,-,USA,
https://www.splcenter.org/fighting-hate/extremist-files/individual/alex-jones,Website,"Same-sex marriage is sold as a civil right. And I believe that people as individuals — I'm a libertarian — have the right to do what they want as long as it doesn't hurt others. And I'm not obsessed with the subject like people on different sides of the debate are. But clearly, from the eugenicist/globalist view, and they've written textbooks on it, you can look them up, they [the globalists] want to encourage the breakdown of the family, because the family is where people owe their allegiance. That's why they want to get rid of God. Not because they're atheists, but because they want the state to be God. And so they are taking the rights of an ancient, unified program of marriage and they are breaking it",White Supremacist,Propaganda,-,USA,
https://www.splcenter.org/fighting-hate/extremist-files/individual/alex-jones,Website,"Then they'll release the big one, and they'll kill probably half the population of the United States. Folks, I'm telling you right now, I'm sure of it. They're going to stage terror attacks. I will be very surprised if they don't stage something by the end of this year.",White Supremacist,Radicalization,-,USA,
https://www.splcenter.org/fighting-hate/extremist-files/individual/alex-jones,Website,"A lot of liberal women, as you know, the new thing is having a jihadi…There’s nothing sexier than a jihadi because it’s so fun to have him step on your head and kick you in the gut. Now, if the man treats you good and loves Jesus, he’s bad. But if he kicks you in the teeth and stomps on you, it’s liberal, it’s trendy, you go smoke hookah with him, and it’s fun",White Supremacist,Propaganda,-,USA,
https://www.splcenter.org/fighting-hate/extremist-files/individual/alex-jones,Website,Obama is hardcore Wahhabist; he is al-Qaeda.,White Supremacist,Propaganda,-,USA,
https://www.splcenter.org/fighting-hate/extremist-files/individual/alex-jones,Website,"If you're White — Aryan — your people created this country, its Constitution, and the First Amendment that protects political speech, including the speech Jews hate and call hate speech. Don't accept any guilt, and don't take a back seat to anybody. No matter what the professors-afraid-of-being-fired tell you in class. No matter what the writers-afraid-of-being-fired say in a Controlled Daily. No matter what you see on the Electronic Jew. For you, Aryan reader, have interests. And The Aryan Alternative represents them.",White Supremacist,Recruitment,-,USA,
https://www.splcenter.org/fighting-hate/extremist-files/individual/matt-hale,Website,It is time to fan the flames of anti-Semitism far and wide. It is time to expose the Jews as being the evil incarnate of the world.,White Supremacist,Propaganda,-,USA,
https://www.splcenter.org/fighting-hate/extremist-files/individual/matt-hale,Website,"Once we get the White Race thinking straight, the White Race will cease to subsidize the mud races, and they shall wither on the vine.",White Supremacist,Propaganda,-,USA,
https://www.splcenter.org/fighting-hate/extremist-files/individual/matt-hale,Website,The mud races may very well offer some resistance and that resistance will have to be destroyed,White Supremacist,Propaganda,-,USA,
https://www.splcenter.org/fighting-hate/extremist-files/individual/thomas-robb,Website,"When the Negro was under the natural discipline of white authority, white people were safe from the abuse and violence of the Negro, but the Negro was also safe from himself.",White Supremacist,Propaganda,-,USA,
https://www.splcenter.org/fighting-hate/extremist-files/individual/thomas-robb,Website,"Dats when A'hs does what A'hs want. Dat's also when A'hs kin have da white girls, and da free food stamps.",White Supremacist,Propaganda,=,USA,
https://www.splcenter.org/fighting-hate/extremist-files/individual/thomas-robb,Website,"My name’s not Paul Revere, but one of the things I’d be saying if I was on that stallion in 1775, but I’m not, so in 2009, the Mexicans are coming, the Mexicans are coming!",White Supremacist,Propaganda,Mexico,USA,
https://www.splcenter.org/fighting-hate/extremist-files/individual/thomas-robb,Website,We are going extinct. You don't need great interpreters to read the writing on the screen. At no time in the history of civilization has a people disappeared in this way.,White Supremacist,Radicalization,-,USA,
https://www.splcenter.org/fighting-hate/extremist-files/individual/thomas-robb,Website,"They have declared racial demographic war against us. It's up to us to respond. Why are their populations exploding? Because of us, our people have exported our medical technology and we feed them. Had we left them alone, many of them would be going extinct today. Can you imagine AIDS raging through Africa, you know?",White Supremacist,Propaganda,-,USA,
https://www.splcenter.org/fighting-hate/extremist-files/individual/thomas-robb,Website,"We are the real Americans, not the Hmong, not Latinos, not the Siberian Americans. The native Americans are not real Americans, they came from Siberia, and you've read about the digs in Washington state. We are the descendants of the real Americans. As far as the future, the handwriting is on the screen. The Camp of the Saints is coming our way.",White Supremacist,Propaganda,USA,USA,
https://www.splcenter.org/fighting-hate/extremist-files/group/act-america,Website,"America has been infiltrated on all levels by radicals who wish to harm America. They have infiltrated us at the CIA, at the FBI, at the Pentagon, at the State Department. They're being radicalized in radical mosques, in our cities and communities within the United States.",White Supremacist,Propaganda,USA,USA,
https://www.splcenter.org/fighting-hate/extremist-files/group/act-america,Website,"Islam is a supremacist, totalitarian political ideology masquerading as a religion. It's as dangerous as Nazism or communism and must be eradicated.",White Supremacist,Radicalization,-,USA,
https://www.splcenter.org/fighting-hate/extremist-files/group/act-america,Website,I maintain that to believe in Islam is to be a traitor to the United States. I think we need to wake up and get rid of the traitorous people.,White Supremacist,Propaganda,-,USA,
https://www.splcenter.org/fighting-hate/extremist-files/group/act-america,Website,"A massive wave of third-world immigration has been engulfing America for half a century, yet all American citizens hear about from the ‘lamestream’ media is what a racist, intolerant country we live in. If we don’t openly accept millions of individuals who have no desire to embrace the language, culture, and values that made America the greatest country in the history of the world, we must be racists",White Supremacist,Radicalization,USA,USA,
https://www.splcenter.org/fighting-hate/extremist-files/group/aryan-brotherhood,Website,"For the Aryan Brotherhood, murder is a way to make a social statement. If blacks attack whites, we send a message. We go pick one of their shot callers. We catch them walking across the [prison] yard under guard escort in handcuffs. It don’t matter. We’re going to butcher him in front of God and everybody at high noon in the middle of the yard. And it’s not just going to be a few clean stab marks. It’s going to be a vicious, brutal killing. Because that’s how brothers [AB members] take care of business, and a brother’s work is never done.",White Supremacist,Radicalization,-,USA,
https://www.splcenter.org/fighting-hate/extremist-files/group/aryan-nations,Website,The white race is the most endangered species on the face of the earth.,White Supremacist,Propaganda,-,USA,
https://www.splcenter.org/fighting-hate/extremist-files/group/blood-honour,Website,"Eventually there will be a race war and we have to be strong enough in numbers to win it. I'll die to keep this country pure and if it means bloodshed at the end of the day, then let it be.",White Supremacist,Propaganda,-,USA,
https://www.splcenter.org/fighting-hate/extremist-files/group/blood-honour,Website,"To achieve all of this we, and our European comrades, must above all have faith. Our enemies are strong, and presently we are relatively weak in numbers, but unbeatable in spirit. We must realize that we, and our enemies, are engaged in a struggle for the survival of the European races. If we fail we will be destroyed along with European civilization; and we must accept in our hearts, that if victory is eventually ours we must deal with our enemies in the most ruthless fashion. If we do not destroy their cancer at the root we will have to face up to its reincarnation at a later stage. We must have faith in this, our battle to the death.",White Supremacist,Propaganda,Europe,USA,
https://www.splcenter.org/fighting-hate/extremist-files/group/brotherhood-klans,Website,The KKK wants you. Join today and win back your rights that have been given to others in the name of political correctness. We are fighting to preserve the existence of our race and a future for White children.”,White Supremacist,Recruitment,-,USA,
https://www.splcenter.org/fighting-hate/extremist-files/group/fraternal-order-alt-knights-foak,Website,How many of our children have to die before we rid our lands of Islamic invaders? Our civilization destroyed. WAKE UP YOU COWARDS! FIGHT,White Supremacist,Radicalization,-,USA,
https://www.splcenter.org/fighting-hate/extremist-files/group/national-socialist-movement,Website,"By offering education and guidance, we intend to mobilize our youth for change and create an atmosphere capable of weeding out the superficial and outdated reactionary elements so that we may continue to move forward.",White Supremacist,Propaganda,-,USA,
https://www.splcenter.org/fighting-hate/extremist-files/group/national-socialist-movement,Website,"When … you take a German Shepherd and mix him with a Golden Retriever you have a worthless animal that nobody wants and that isn’t worth anything if you’re trying to breed him or sell him. … These degenerates that allow their children to race mix and this sort of thing, they’re destroying the bloodlines of both races.",White Supremacist,Propaganda,-,USA,
https://www.splcenter.org/fighting-hate/extremist-files/group/national-socialist-movement,Website,"You know what this bullshit translates to? White people got nice shit, white people worked for it, and Black people want it. . . . They have no interest in equality. They want to fucking rule us.",White Supremacist,Propaganda,-,USA,
https://www.splcenter.org/fighting-hate/extremist-files/group/proud-boys,Website,All the heroes of BLM and Antifa are degenerate criminal lowlifes or pedophile rapists. I don’t lose any sleep when they are justly removed from society.,White Supremacist,Radicalization,-,USA,
https://www.splcenter.org/fighting-hate/extremist-files/group/proud-boys,Website,The true minority in this world ARE whites. White children are less than 3% of the worlds [sic] population. I think since white majority countries are on a pathway to extinction we should correctly refer to non whites by their true names. Worldwide majority.,White Supremacist,Propaganda,-,USA,
https://www.splcenter.org/fighting-hate/extremist-files/group/proud-boys,Website,All I want to do is smash commies too. Actually I’m lying I’m way past just hitting them. When the time comes I will stop at nothing to fully eradicate them all.,White Supremacist,Radicalization,-,USA,
https://www.splcenter.org/fighting-hate/extremist-files/group/proud-boys,Website,Palestinians are stupid. Muslims are stupid. And the only thing they really respect is violence and being tough.,White Supremacist,Radicalization,-,USA,
https://www.splcenter.org/fighting-hate/extremist-files/group/proud-boys,Website,"We brought roads and infrastructure to India and they are still using them as toilets. Our criminals built nice roads in Australia but aboriginals keep using them as a bed. The next time someone bitches about colonization, the correct response is ‘You’re welcome.",White Supremacist,Propaganda,"India, Australia",USA,
https://www.splcenter.org/fighting-hate/extremist-files/group/proud-boys,Website,"Beating down a mud [a non-white person] when they try to poisen [sic] one of our own or when they try to seduce one of our girls may not be God inspired, but rather a righteous act of collective preservation.",White Supremacist,Propaganda,-,USA,
https://www.splcenter.org/fighting-hate/extremist-files/group/white-lives-matter,Website,Do not allow our lands to turn into Haiti ... time to shut the savage beasts down. Shut down Black Lives Matter.,White Supremacist,Propaganda,-,USA,
https://www.splcenter.org/fighting-hate/extremist-files/group/vdare,Website,"America was defined — almost explicitly, sometimes very explicitly — as a white nation, for white people, and what that means is that there is virtually no figure, no law, no policy, no event in the history of the old, white America that can survive the transition to the new and non-white version. Whether we will want to call the new updated version ‘America’ at all is another question entirely.",White Supremacist,Propaganda,USA,USA,
https://gnet-research.org/2020/05/07/the-gift-of-the-gab-the-utilisation-of-covid-19-for-neo-nazi-recruitment/,Website,The Great Replacement,White Supremacist,Propaganda,-,USA,
https://gnet-research.org/2020/05/07/the-gift-of-the-gab-the-utilisation-of-covid-19-for-neo-nazi-recruitment/,Website,Day of the Rope,White Supremacist,Propaganda,-,USA,
https://gnet-research.org/2020/05/07/the-gift-of-the-gab-the-utilisation-of-covid-19-for-neo-nazi-recruitment/,Website,Engine of Cyclical History,White Supremacist,Propaganda,-,USA,
https://www.thedailybeast.com/inside-the-private-messages-of-neo-nazi-group-atomwaffen-division,Website,I am also 16. Turning 17 in September 5. I have a job and a vehicle for transportation. I am ready for action.,White Supremacist,Recruitment,-,USA,
https://www.thedailybeast.com/inside-the-private-messages-of-neo-nazi-group-atomwaffen-division,Website,"Just to tell you, I’m 16, so I hope I’m not too young to join.",White Supremacist,Recruitment,-,USA,
https://www.thedailybeast.com/inside-the-private-messages-of-neo-nazi-group-atomwaffen-division,Website,"I’m in Marine NROTC [Naval Reserve Officer Training Corps] at the moment so I could bring that training to the table and moreso in the future, if I earn a commission,",White Supremacist,Recruitment,-,USA,
https://humanrights.gov.au/our-work/publications/examples-racist-material-internet#1.3,Website,"The mud brown child that's been given birth. The beating of your life is what it is worth…
My hands are around your neck. Your error is mine to correct
The air slowly dwindles away. Your defiled body, on the ground it lays.
",White Supremacist,Recruitment,-,Australia,
https://humanrights.gov.au/our-work/publications/examples-racist-material-internet#1.3,Website,Still Just a Nigger,White Supremacist,Recruitment,-,Austrailia,
https://humanrights.gov.au/our-work/publications/examples-racist-material-internet#1.3,Website,Race Mixing is Treason,White Supremacist,Recruitment,-,Australia,
https://humanrights.gov.au/our-work/publications/examples-racist-material-internet#1.3,Website,Islam (Religion of Whores),White Supremacist,Recruitment,-,Australia,
https://humanrights.gov.au/our-work/publications/examples-racist-material-internet#1.3,Website,Too White For You,White Supremacist,Recruitment,-,Australia,
https://www.crikey.com.au/2021/04/20/leaked-neo-nazi-manual-manipulating-media-recruit/,Website,"Activists are responsible for bringing the national socialist message to white Australians, staging media provocations to make the organisation itself better known and recruiting suitably committed people into the organisation",White Supremacist,Recruitment,-,Australia,
https://www.crikey.com.au/2021/04/20/leaked-neo-nazi-manual-manipulating-media-recruit/,Website,"Media baiting is a huge portion of our recruitment drive. There are currently hundreds of minor nationalist groups in Australia, but none of them ever amount to anything without media attention,",White Supremacist,Recruitment,-,Australia,
https://www.stawelltimes.com.au/story/4971439/neo-nazi-grampians-camp-used-for-recruitment/,Website,We are an elite Aussie youth organisation that has been around for just under a year.You will be vetted accordingly before you have the right to join our ranks.,White Supremacist,Recruitment,-,Australia,
https://www.stawelltimes.com.au/story/4971439/neo-nazi-grampians-camp-used-for-recruitment/,Website,"Hey guys, just wanted to say a big thank you for the huge amount of applications we have received,Vetting is of course, a slow but accurate process to weed out the shills. So please be patient. If you have artistic skills in photoshop, you will be bumped ahead of the que",White Supremacist,Recruitment,-,Australia,
https://www.nzherald.co.nz/nz/action-zealandia-nzs-largest-neo-nazi-group-on-the-hunt-for-new-recruits/BK56VEKDR5AJE2CMBVNAX2DKRA/,Website,Kyle Rittenhouse Was Right,White Supremacist,Recruitment,-,New Zealand,
https://www.nzherald.co.nz/nz/action-zealandia-nzs-largest-neo-nazi-group-on-the-hunt-for-new-recruits/BK56VEKDR5AJE2CMBVNAX2DKRA/,Website,Boer Lives Matter - Action Zealandia,White Supremacist,Recruitment,-,New Zealand,
https://gazette.com/news/white-supremacist-neo-nazi-propaganda-in-colorado-springs-spotted-part-of-statewide-increase/article_882e2f70-a7cc-11e8-8ef3-6f9c8b7e92d1.html,Website,Life Liberty and Pursuit of Victory,White Supremacist,Propaganda,-,USA,
https://gazette.com/news/white-supremacist-neo-nazi-propaganda-in-colorado-springs-spotted-part-of-statewide-increase/article_882e2f70-a7cc-11e8-8ef3-6f9c8b7e92d1.html,Website,Money doesnot rule you,White Supremacist,Propaganda,-,USA,
https://gazette.com/news/white-supremacist-neo-nazi-propaganda-in-colorado-springs-spotted-part-of-statewide-increase/article_882e2f70-a7cc-11e8-8ef3-6f9c8b7e92d1.html,Website,Not here not ever,White Supremacist,Propaganda,-,USA,
https://www.wweek.com/news/2019/03/11/neo-nazis-saw-patriot-prayer-rallies-as-fertile-recruitment-grounds-and-targeted-local-newspapers-to-gain-publicity/,Website,"A significant number of the Alt light people are National Socialists, deep down, they just need to find somewhere they belong",White Supremacist,Recruitment,-,USA,
https://www.splcenter.org/fighting-hate/extremist-files/individual/david-lane,Website,We must secure the existence of our people and a future for White children.,White Supremacist,Propaganda,-,USA,
https://www.splcenter.org/fighting-hate/extremist-files/individual/david-lane,Website,"America is the murderer of the White Race. … I wouldn't contaminate my toilet with your red, white and blue rag",White Supremacist,Propaganda,-,USA,
https://plawiuk.blogspot.com/2021/08/americas-far-right-extremists-are.html,Website,The defeat of the US government in Afghanistan is unequivocally a positive development.,White Supremacist,Recruitment,USA,USA,
https://www.theguardian.com/theguardian/shortcuts/2014/apr/07/cookie-monster-neo-nazi-propaganda,Website,Who ate my biscuit?,White Supremacist,Propaganda,-,USA,
https://www.crikey.com.au/2016/12/05/neo-nazis-flood-melbourne-uni-with-propaganda/,Website,Stop the Hordes,White Supremacist,Propaganda,-,Australia,
https://www.crikey.com.au/2016/12/05/neo-nazis-flood-melbourne-uni-with-propaganda/,Website,Keep Australia White,White Supremacist,Propaganda,Australia,Australia,
https://www.newsweek.com/hitler-was-right-neo-nazis-arrive-pro-israel-rally-van-covered-hate-speech-1591374,Website,Hitler was right,White Supremacist,Propaganda,-,USA,
https://www.newsweek.com/white-supremacist-propaganda-appears-california-cities-they-brace-white-lives-matter-rally-1582501,Website,Say no to cultural genocide,White Supremacist,Propaganda,-,USA,
https://spectrumlocalnews.com/tx/dallas-fort-worth/news/2021/03/19/report-attributes-majority-of-2020-white-supremacist-propaganda-to-dallas-based-group,Website,America First,White Supremacist,Propaganda,USA,USA,
https://spectrumlocalnews.com/tx/dallas-fort-worth/news/2021/03/19/report-attributes-majority-of-2020-white-supremacist-propaganda-to-dallas-based-group,Website,Better Dead Than Red,White Supremacist,Propaganda,-,USA,
https://spectrumlocalnews.com/tx/dallas-fort-worth/news/2021/03/19/report-attributes-majority-of-2020-white-supremacist-propaganda-to-dallas-based-group,Website,"Two Parties. One Tyranny,",White Supremacist,Propaganda,-,USA,
https://spectrumlocalnews.com/tx/dallas-fort-worth/news/2021/03/19/report-attributes-majority-of-2020-white-supremacist-propaganda-to-dallas-based-group,Website,Not Stolen. Conquered.,White Supremacist,Propaganda,-,USA,
https://www.adl.org/white-supremacist-propaganda-spikes-2020,Website,"Stop Corona Virus, Deport All Illegal aliens, Close the Borders, Stop Immigration Now,",White Supremacist,Propaganda,-,USA,
https://www.adl.org/white-supremacist-propaganda-spikes-2020,Website,Globalism is the virus,White Supremacist,Propaganda,-,USA,
https://www.adl.org/white-supremacist-propaganda-spikes-2020,Website,(((Media))) is the virus.,White Supremacist,Propaganda,-,USA,
https://www.adl.org/white-supremacist-propaganda-spikes-2020,Website,Small HATS BIG problems,White Supremacist,Propaganda,-,USA,
https://www.adl.org/white-supremacist-propaganda-spikes-2020,Website,"America is under occupation,",White Supremacist,Propaganda,-,USA,
https://www.adl.org/white-supremacist-propaganda-spikes-2020,Website,Reject White Guilt,White Supremacist,Propaganda,-,USA,
https://www.adl.org/white-supremacist-propaganda-spikes-2020,Website,110 and Never Again Jews have been expelled from 109 countries make America 110,White Supremacist,Propaganda,USA,USA,
https://www.adl.org/white-supremacist-propaganda-spikes-2020,Website,KIKES LIE WHITES DIE 14/88,White Supremacist,Propaganda,-,USA,
https://www.adl.org/white-supremacist-propaganda-spikes-2020,Website,Antifa is a Jewish Militia,White Supremacist,Propaganda,-,USA,
https://www.adl.org/white-supremacist-propaganda-spikes-2020,Website,Open Borders Spread Disease.,White Supremacist,Propaganda,-,USA,
https://www.adl.org/white-supremacist-propaganda-spikes-2020,Website,No White Guilt.,White Supremacist,Propaganda,-,USA,
https://www.splcenter.org/fighting-hate/intelligence-report/2003/cultural-marxism-catching,Website,Cultural Marxism,White Supremacist,Propaganda,-,USA,
https://laist.com/news/how-white-supremacists-are-recruiting-educated-normies-around-la,Website,"Good morning guys! Friendly reminder that if everyone could channel their time and energy to online recruiting, that would greatly be appreciated!",White Supremacist,Recruitment,-,USA,
https://laist.com/news/how-white-supremacists-are-recruiting-educated-normies-around-la,Website,"Recruit from colleges, universities, libraries, tech companies, and law firms.",White Supremacist,Recruitment,-,USA,
